-- MySQL dump 10.13  Distrib 5.5.31, for debian-linux-gnu (x86_64)
--
-- Host: 192.168.2.90    Database: cxlc
-- ------------------------------------------------------
-- Server version	5.5.28-0ubuntu0.12.04.2

/*!40101 SET @OLD_CHARACTER_SET_CLIENT=@@CHARACTER_SET_CLIENT */;
/*!40101 SET @OLD_CHARACTER_SET_RESULTS=@@CHARACTER_SET_RESULTS */;
/*!40101 SET @OLD_COLLATION_CONNECTION=@@COLLATION_CONNECTION */;
/*!40101 SET NAMES utf8 */;
/*!40103 SET @OLD_TIME_ZONE=@@TIME_ZONE */;
/*!40103 SET TIME_ZONE='+00:00' */;
/*!40014 SET @OLD_UNIQUE_CHECKS=@@UNIQUE_CHECKS, UNIQUE_CHECKS=0 */;
/*!40014 SET @OLD_FOREIGN_KEY_CHECKS=@@FOREIGN_KEY_CHECKS, FOREIGN_KEY_CHECKS=0 */;
/*!40101 SET @OLD_SQL_MODE=@@SQL_MODE, SQL_MODE='NO_AUTO_VALUE_ON_ZERO' */;
/*!40111 SET @OLD_SQL_NOTES=@@SQL_NOTES, SQL_NOTES=0 */;

--
-- Table structure for table `category`
--

DROP TABLE IF EXISTS `category`;
/*!40101 SET @saved_cs_client     = @@character_set_client */;
/*!40101 SET character_set_client = utf8 */;
CREATE TABLE `category` (
  `idcategory` int(11) NOT NULL,
  `categoryname` varchar(45) DEFAULT NULL,
  PRIMARY KEY (`idcategory`)
) ENGINE=InnoDB DEFAULT CHARSET=utf8;
/*!40101 SET character_set_client = @saved_cs_client */;

--
-- Dumping data for table `category`
--

LOCK TABLES `category` WRITE;
/*!40000 ALTER TABLE `category` DISABLE KEYS */;
INSERT INTO `category` VALUES (1,'观察题'),(2,'数字题'),(3,'语言题'),(4,'想象题'),(5,'创意题'),(6,'脑筋急转弯');
/*!40000 ALTER TABLE `category` ENABLE KEYS */;
UNLOCK TABLES;

--
-- Table structure for table `hardness`
--

DROP TABLE IF EXISTS `hardness`;
/*!40101 SET @saved_cs_client     = @@character_set_client */;
/*!40101 SET character_set_client = utf8 */;
CREATE TABLE `hardness` (
  `idhardness` int(11) NOT NULL,
  `level` varchar(45) DEFAULT NULL,
  PRIMARY KEY (`idhardness`)
) ENGINE=InnoDB DEFAULT CHARSET=utf8;
/*!40101 SET character_set_client = @saved_cs_client */;

--
-- Dumping data for table `hardness`
--

LOCK TABLES `hardness` WRITE;
/*!40000 ALTER TABLE `hardness` DISABLE KEYS */;
INSERT INTO `hardness` VALUES (1,'初级'),(2,'中级'),(3,'高级');
/*!40000 ALTER TABLE `hardness` ENABLE KEYS */;
UNLOCK TABLES;

--
-- Table structure for table `problem`
--

DROP TABLE IF EXISTS `problem`;
/*!40101 SET @saved_cs_client     = @@character_set_client */;
/*!40101 SET character_set_client = utf8 */;
CREATE TABLE `problem` (
  `idproblem` int(11) NOT NULL AUTO_INCREMENT,
  `title` varchar(100) DEFAULT NULL,
  `description` text,
  `answer` text,
  `hardness` int(11) DEFAULT '3',
  `category` int(11) DEFAULT '6',
  `imagenum_d` int(11) DEFAULT '0',
  `imagenum_a` int(11) DEFAULT '0',
  `imageurl1` varchar(45) DEFAULT NULL,
  `imageurl2` varchar(45) DEFAULT NULL,
  `imageurl3` varchar(45) DEFAULT NULL,
  `isselection` tinyint(2) DEFAULT '0',
  `optiona` varchar(200) DEFAULT NULL,
  `optionb` varchar(200) DEFAULT NULL,
  `optionc` varchar(200) DEFAULT NULL,
  `optiond` varchar(200) DEFAULT NULL,
  `optione` varchar(200) DEFAULT NULL,
  `ansoption` varchar(4) DEFAULT NULL,
  PRIMARY KEY (`idproblem`),
  UNIQUE KEY `idproblem_UNIQUE` (`idproblem`),
  KEY `hardness_idx` (`hardness`),
  KEY `category_idx` (`category`),
  CONSTRAINT `hardness` FOREIGN KEY (`hardness`) REFERENCES `hardness` (`idhardness`) ON DELETE NO ACTION ON UPDATE NO ACTION,
  CONSTRAINT `category` FOREIGN KEY (`category`) REFERENCES `category` (`idcategory`) ON DELETE NO ACTION ON UPDATE NO ACTION
) ENGINE=InnoDB AUTO_INCREMENT=601 DEFAULT CHARSET=utf8;
/*!40101 SET character_set_client = @saved_cs_client */;

--
-- Dumping data for table `problem`
--

LOCK TABLES `problem` WRITE;
/*!40000 ALTER TABLE `problem` DISABLE KEYS */;
INSERT INTO `problem` VALUES (1,'豆腐的切面','有一个正方体形状的豆腐，用一把刀切去一部分，那么，剩下的豆腐可能有多少个面？','可能有五个面，六个面，七个面甚至八个面。',1,1,0,0,NULL,NULL,NULL,0,NULL,NULL,NULL,NULL,NULL,NULL),(2,'有多少个正方形','图1中共有多少个正方形？\\n图2中共有多少个正方形？','第一幅图里共有14个正方形\\n小正方形9个，中正方形（每四个小正方形组成一个中正方形）4个，大正方形（这九个小正方形组成一个大正方形）1个，所以共有14个\\n第一幅图里共有30个正方形\\n小正方形16个，4个小正方形为一个正方形共9个，9个小正方形为一个正方形共4个，最大的正方形（16个小正方形）是1个。',1,1,2,0,NULL,NULL,NULL,0,NULL,NULL,NULL,NULL,NULL,NULL),(3,'还剩几个角','一个长方形有4个角，如果剪掉1个角，还剩下几个角呢？有几种可能？','有三种可能，分别是还剩下5个角、4个角、3个角。如图：',1,1,1,1,NULL,NULL,NULL,0,NULL,NULL,NULL,NULL,NULL,NULL),(4,'偶数游戏','在下图中的16个方格内，各有一根火柴，现在从中拿去6根，使每行、每列的排列数仍然是偶数，你能做到吗？',NULL,1,1,1,1,NULL,NULL,NULL,0,NULL,NULL,NULL,NULL,NULL,NULL),(5,'均分园地','淘淘家后院有一块园地缩放在地图上。形状如图。爸爸要他用7根火柴把园地分成形状和面积都一样的3块，那他该怎么分呢？',NULL,1,1,1,1,NULL,NULL,NULL,0,NULL,NULL,NULL,NULL,NULL,NULL),(6,'数圆圈','图中共有几个圆圈？','共25个圆圈',1,1,1,0,NULL,NULL,NULL,0,NULL,NULL,NULL,NULL,NULL,NULL),(7,'巧摆硬币','现在给你10枚硬币，把它们排成5行，要求每行有4枚硬币。你能用几种方法排出来？',NULL,1,1,0,1,NULL,NULL,NULL,0,NULL,NULL,NULL,NULL,NULL,NULL),(8,'改变方向','只移动一根火柴，改变图中这间房屋的朝向。',NULL,1,1,1,1,NULL,NULL,NULL,0,NULL,NULL,NULL,NULL,NULL,NULL),(9,'考眼力','下图中共有多少个三角形？','(l)中共有5个三角形\\n(2)中共有9个三角形.',1,1,1,0,NULL,NULL,NULL,0,NULL,NULL,NULL,NULL,NULL,NULL),(10,'均分五份','只用三条线，能把下图中的10个圆分成平均的5份吗？',NULL,1,1,1,1,NULL,NULL,NULL,0,NULL,NULL,NULL,NULL,NULL,NULL),(11,'把三角形分开','只用4个圆，把图中9个三角形一一分隔开',NULL,1,1,1,1,NULL,NULL,NULL,0,NULL,NULL,NULL,NULL,NULL,NULL),(12,'四个数相加','将下图分成形状、面积相同的四份，使每份上各数相加的和相等.',NULL,1,1,1,1,NULL,NULL,NULL,0,NULL,NULL,NULL,NULL,NULL,NULL),(13,'数正方形','请看下图，数数，看有多少个正方形？','29个',1,1,1,0,NULL,NULL,NULL,0,NULL,NULL,NULL,NULL,NULL,NULL),(14,'一分为四','把一个长方形分割为完全一样的四个图形，你能画出四种以上的图案吗？',NULL,1,1,1,1,NULL,NULL,NULL,0,NULL,NULL,NULL,NULL,NULL,NULL),(15,'看图填数字','如果告诉你所缺失的数字刚好能组成一个常见的数列，且使得每一横排、每一竖排的和都是15，你能猜出每一个图所代表的数字吗？',NULL,1,1,1,1,NULL,NULL,NULL,0,NULL,NULL,NULL,NULL,NULL,NULL),(16,'分解图形','下图是一个“W”形状的图形，如果在上面画三条直线，能让它变出9个没有重复部分的三角形吗？','要画的三条直线交叉，使中间部分为五星状即可，如图：',1,1,1,1,NULL,NULL,NULL,0,NULL,NULL,NULL,NULL,NULL,NULL),(17,'移动硬币','下图是由9枚硬币摆成的一个“人”字，请你移动2枚硬币把它变成“大”字',NULL,1,1,1,1,NULL,NULL,NULL,0,NULL,NULL,NULL,NULL,NULL,NULL),(18,'高效送书报','某单位有26个办公室，办公室间连线为各办公室互相连通的道路（如下图），办公室名称用数字代表。新来的小王要求代替传达员李伯伯送一次书报，李伯伯同意，但提出一个条件：从传达室出发去送书报，不准走重复路线，也不准走重复办公室，最后回到传达室。你知道小王应该怎么走吗？',NULL,1,1,1,1,NULL,NULL,NULL,0,NULL,NULL,NULL,NULL,NULL,NULL),(19,'撕邮票的问题','下图是九张邮票连在一起，请你撕下其中四张（不能连在一起撕），要求剩下的五张邮票每张邮票至少有一边与另一张邮票相连，你能办到吗？',NULL,1,1,1,1,NULL,NULL,NULL,0,NULL,NULL,NULL,NULL,NULL,NULL),(20,'观察字母找规律','观察A、E、B、F、C这组字母，你觉得下个字母应该是什么？','G',1,1,0,0,NULL,NULL,NULL,0,NULL,NULL,NULL,NULL,NULL,NULL),(21,'填空格','填空格','这张图里的3种图案排列，由里到外形成一个漩涡状，按照○☆△的顺序',1,1,1,0,NULL,NULL,NULL,0,NULL,NULL,NULL,NULL,NULL,NULL),(22,'图像分类','下面3个选项哪些属于A组，哪些属于B组？','(b)属于A组，(a)(c)属于B组。因为A组都能一笔画成，而B组则不能',1,1,2,0,NULL,NULL,NULL,0,NULL,NULL,NULL,NULL,NULL,NULL),(23,'找规律1','下边答案组中的哪个多米诺骨牌适合上边的多米诺骨牌组呢？请找到这样的一张牌，它的上面和下面的点数能够补充上边的多米诺骨牌组','选择（d）',1,1,1,0,NULL,NULL,NULL,0,NULL,NULL,NULL,NULL,NULL,NULL),(24,'找规律2','下面每组数中都有一个相同的条件，你知道是什么条件吗？\\n1387\\n246\\n59','第一组音调都是一声；第二组都是四声，第三组都是三声',1,1,0,0,NULL,NULL,NULL,0,NULL,NULL,NULL,NULL,NULL,NULL),(25,'九点连线','在9个点上画10条直线，要求每条直线上至少有3个点。这9个点应该怎样排列？','如图所示，图中三条横线与其他直线的交点就是9个点所在的位置',1,1,0,1,NULL,NULL,NULL,0,NULL,NULL,NULL,NULL,NULL,NULL),(26,'有趣的十字架','下图那只巨大的复活节彩蛋上有一个十字架，从它可以引发出许多切割问题，下面是其中的三个：\\n(1)将十字架图形分成四块，用它们拼成一个正方形\\n(2)将十字架图形分成三块，用它们拼成一个菱形\\n(3)将十字架图形分成三块，用它们拼成一个矩形，要求其长是宽的两倍\\n你会切割吗？','有无限多种办法把一个希腊十字架分成四块，再把它们拼成一个正方形，下图给出了其中的一个解法。奇妙的是，任何两条切割直线，只要与图上的直线分别平行，也可取得同样的结果，分成的四块总是能拼出一个正方形',1,1,1,1,NULL,NULL,NULL,0,NULL,NULL,NULL,NULL,NULL,NULL),(27,'火柴等式','下面是一个两步的算式，你能只移动其中的一根火柴棒，让这个两步的算式变成一步算式吗？',NULL,1,1,1,1,NULL,NULL,NULL,0,NULL,NULL,NULL,NULL,NULL,NULL),(28,'不相称的图','下面哪个图与其他的图不相称？','B\\n因为其他图中实心方格之间的空心方格数都是按顺时针呈3、2、4，而B图中是逆时针',1,1,1,0,NULL,NULL,NULL,0,NULL,NULL,NULL,NULL,NULL,NULL),(29,'站岗','假设下面3x3的表格中，9个小方格部分都是重要物资，而小圈代表看守人员。已有6个人员站在格线上，现在要求你再加进去8个人员，达到每条直线上都有3个人员，每个小方格的边上都有3个人员，你能做到吗？',NULL,1,1,1,1,NULL,NULL,NULL,0,NULL,NULL,NULL,NULL,NULL,NULL),(30,'移动方向','下面是用火柴棒拼出来的可爱的小鱼和小猪，请你移动火柴，让鱼往相反方向游，猪往相反方向走，你最少需要动多少根火柴呢？','移动小鱼需要3根，移动小猪需要2根',1,1,1,1,NULL,NULL,NULL,0,NULL,NULL,NULL,NULL,NULL,NULL),(31,'不变的十字','哥哥与弟弟一起玩游戏，哥哥用36根火柴摆出了以下由13个正方形组成的图案，然后让弟弟从中拿走4根火柴，使这个图案的正方形的数量少5个，但十字图案仍然保持不变。弟弟很快就做出来了，你知道他是怎么做的吗？',NULL,2,1,1,1,NULL,NULL,NULL,0,NULL,NULL,NULL,NULL,NULL,NULL),(32,'游泳馆','一家游泳馆，储物柜的编号是按男更衣室单号，女更衣室双号排列的。一个人去游泳时对服务台说：“请给我一套泳衣和泳镜，并且给我一个储物箱钥匙。”服务员很快准备好了以上东西，并且拿出了一把钥匙，上面编号0543。于是这个人很高兴地去游泳了。故事中有错误吗？','有错误。只有女士才需要一套泳衣，士只需要一件即可。所以游泳的人应该位女士，而储物箱的编号却是单号。',2,1,0,0,NULL,NULL,NULL,0,NULL,NULL,NULL,NULL,NULL,NULL),(33,'找不同','你能找出与其他图标不同的那个图标吗？','(e)。只有它是闭合图形。',2,1,1,0,NULL,NULL,NULL,0,NULL,NULL,NULL,NULL,NULL,NULL),(34,'火柴棒游戏1','用三根火柴棒可以摆出一个三角形，如图，如何再加两根，摆出两个三角形？','摆一个三角形要用3根火柴棒，摆两三角形要用6根火柴棒，但现在只增加根，却要摆出两个三角形，那么应把两个角形合在一起摆，在摆第二个三角形时，用另一个三角形中的1根火柴棒，两个三形共用1根火柴棒做其中一条边，这样5火柴棒就够了。如图：',2,1,1,1,NULL,NULL,NULL,0,NULL,NULL,NULL,NULL,NULL,NULL),(35,'火柴棒游戏2','用16根火柴棒摆成的四个相等的正方形（见下页图）。拿掉1根，还能形成四个正方形，你会吗？如果拿掉2根呢？','注意火柴棒减少了，正方形不能减少。减少1根火柴棒，第四个正方形少了一条边，可以让第三个正方形的一条边做两个正方形的公用边，如图1：\\n  减少两根火柴棒，第四个正方形就少了两条边了，可以让第二个正方形的一条边和第三个正方形的一条边做第四个正方形的公用边，如图2:',2,1,1,2,NULL,NULL,NULL,0,NULL,NULL,NULL,NULL,NULL,NULL),(36,'火柴棒游戏3','下面左图是由5根火柴棒摆成的图形，请你移动其中的3根，变成右边的图形：','这是由5根火柴棒组成的图形，只移动其中的3根，就有2根火柴棒不需要移动，我们可以这样移：',2,1,1,1,NULL,NULL,NULL,0,NULL,NULL,NULL,NULL,NULL,NULL),(37,'火柴等式1','移动一根火柴棒，使等式成立.','左边结果是15，右边结果是11，所以通过火柴棒的移动，使左边与右边相等，我们可以把“14”十位上的“1”移到另一个加数“1”上，使“1”变成“7”，等式成立。',2,1,1,1,NULL,NULL,NULL,0,NULL,NULL,NULL,NULL,NULL,NULL),(38,'火柴等式2','你能移动两根火柴棒使等式成立吗？','等式右边结果是8，可使左边变成9-1或7+1，9-1算式难以出现9，可选择7+1，这样经移动算式变为：',2,1,1,1,NULL,NULL,NULL,0,NULL,NULL,NULL,NULL,NULL,NULL),(39,'火柴等式3','只移动一根火柴棒，使下面等式成立.','我们可以从等号右边的77中拿出一根火柴棒使之变成17，然后把这根火柴棒添加到右边的“-”变成“+”；我们还可以拿掉左边“+”号中的一根，使“+”变成“-”，然后把这一根火柴棒放到“17”的十位的“1”变成“77”。',2,1,1,1,NULL,NULL,NULL,0,NULL,NULL,NULL,NULL,NULL,NULL),(40,'数棋盘','数数看，下图中的跳棋盘，上面共有多少个小圆圈？','有一种简单的数法：如图所示，可将跳棋盘的六角星形分成六个菱形，相邻两个菱形的公共边上的圆圈，划归左边的菱形，结果只剩棋盘中心的一个圆圈不属任何菱形。所以小圆圈的总数是(4*5)*6+1=121（个）。',2,1,1,0,NULL,NULL,NULL,0,NULL,NULL,NULL,NULL,NULL,NULL),(41,'连线','你能一笔将所有的圆圈连起来而不穿过圆圈吗？',NULL,2,1,1,1,NULL,NULL,NULL,0,NULL,NULL,NULL,NULL,NULL,NULL),(42,'测高度','某天，天气非常晴朗，一个人问另一个人：“这里有一盒卷尺，看到对面这幢大楼了吧，它的四周是宽广的平地。如果在不登高的情况下，怎样才能量出对面这幢大楼的高度？”另一个人听罢问题后，想了一会儿，又拿卷尺量了一番，最后得出了大楼的高度，聪明的你想到是怎么测的了吗？','仔细观察可以发现，在天气晴朗时，太阳可以照出建筑物和人的影子，可以用卷尺将一个人的身高和身影量出，高层楼影也可以量出。然后用“人高／人影=楼高／楼影”这个式子计算出楼的高度。',2,1,0,0,NULL,NULL,NULL,0,NULL,NULL,NULL,NULL,NULL,NULL),(43,'切西瓜','一个人拿刀将一个西瓜切了4下，西瓜被切成了9块，可是，当西瓜被吃完后，发现西瓜皮多了一块，于是他又查了一遍，还是10块西瓜皮，请问这个人是怎么切西瓜的？','这个人以“井”字形将西瓜切了4刀。',2,1,0,0,NULL,NULL,NULL,0,NULL,NULL,NULL,NULL,NULL,NULL),(44,'巧填数字','54321，43215，32154，()，15432。第四个数字是多少？','21543',2,1,0,0,NULL,NULL,NULL,0,NULL,NULL,NULL,NULL,NULL,NULL),(45,'小勇的观察结果','老师给同学们布置了一些作业，希望同学们回家去测量一些东西，凡是家里的东西都可以测量。第二天，老师发现小勇的作业本上有这样几道算式：9+6=3，5+8=1，6+10=4，7+11=6。于是，老师就狠狠地批评了小勇，可是，小勇说了一句话，老师也觉得有道理。仔细观察这几道题，你觉得小勇会说什么呢？','我看的是钟表。',2,1,0,0,NULL,NULL,NULL,0,NULL,NULL,NULL,NULL,NULL,NULL),(46,'密码游戏','有两个小伙伴一起玩游戏，甲让乙看了一下卡片，卡片上写着“橘子橙子香蕉梨”，意思是“星期六游乐场碰面”；而另一张卡片上写着“橙子李子猕猴桃”，意思是“我们游乐场玩耍”；然后又让他看了一下最后一张卡片，上面写着“栗子橘子火龙果”，意思是“星期六游乐场玩耍”。那么“香蕉梨”的意思是什么？','碰面。因为第一句和第二句的原意都有“橙子”，而解释的两句的意思里都有“游乐场”，第一句和第三句里都有“橘子”，解释的意思里都有“星期六”，所以“香蕉梨”的意思就是“碰面”。',2,1,0,0,NULL,NULL,NULL,0,NULL,NULL,NULL,NULL,NULL,NULL),(47,'出错的程序操控','甲是一个专门研究机器程序操控的专家，前不久，他刚发明了一个可以在简单程序操控下穿过马路（不是单行线）的机器人Exruel。一日，他命令Exruel去马路对面，并给他输入了限定条件“25米内是否有车辆”，以便Exruel能安全过马路。可谁知，Exruel在穿越马路过程中竟花了将近6个小时，这时，甲才意识到他在给Exruel输入程序时犯了一个严重的错误。请问：甲究竟是哪里出错了呢？','因为甲在给Exruel输入程序时，把“25米内是否有车辆”弄错了，若是车辆没有行驶却在Exruel前方停放，这就会使Exruel望而却步了。所以甲应该把程序改为“25米内是否有正在行驶的车辆”即可。',2,1,0,0,NULL,NULL,NULL,0,NULL,NULL,NULL,NULL,NULL,NULL),(48,'观察数字1','观察3、3、8、8这一组数字，不改变数字顺利，加入运算符号，将这些数字组成一个算式，使结果等于27','(3+3/8)x8=27。',2,1,0,0,NULL,NULL,NULL,0,NULL,NULL,NULL,NULL,NULL,NULL),(49,'观察数字2','仔细地观察一下1、2、3、4、5、6、7这七个数，如果不改变顺序，也不能重复，想一想用几个加号把这些数连起来，可使它们的和等于100？','添加四个加号可以把这些数连起来，而且使它们的和等于100。即l+2+34+56+7=100。',2,1,0,0,NULL,NULL,NULL,0,NULL,NULL,NULL,NULL,NULL,NULL),(50,'分辨金球和铅球','有两个大小及重量都相同的空心球，但是，这两个球的材料是不同的，一个是金，一个是铅。这两个球的表面涂了一模一样的油漆，现在要求不破坏表面油漆的条件下，用简易方法指出哪个是金的，哪个是铅的。你能分辨出来吗？','用一样的力度在地上使两球进行旋转，两球重心到内壁中心距离不同，速度不同，旋转速度快的是金球。',2,1,0,0,NULL,NULL,NULL,0,NULL,NULL,NULL,NULL,NULL,NULL),(51,'移动水杯','桌上有6只水杯，其中前3杯装满了水，后三杯是空的。你能只动一只玻璃杯，就使装满水的杯子与空杯子交替排列吗？','将第2只杯子里的水倒进第5只杯子里即可。',2,1,0,0,NULL,NULL,NULL,0,NULL,NULL,NULL,NULL,NULL,NULL),(52,'钱为什么会少','一个人由于下午要出差，就给他的儿子打电话，要求儿子买一些出差需要的东西。他告诉儿子，桌子上的信封里有钱。儿子找到了装钱的信封，上面写着98。于是儿子就拿着这些钱到超市买了90元钱的东西，当他准备付钱时发现，不仅信封里没剩下8元钱，反而不够90元，这是怎么回事呢？钱为什么会少？','儿子把信封上数字看反了，其实信封上写的是86元，因此，儿子去买东西时钱不够，少了4元。',2,1,0,0,NULL,NULL,NULL,0,NULL,NULL,NULL,NULL,NULL,NULL),(53,'分辨硬币','现在桌子上面放了25枚硬币，其中有10枚硬币是正面朝上。如果别人蒙住你的眼睛，而且你的手也摸不出硬币的反正面。你用什么方法能将硬币分成两堆，而且这两堆硬币正面朝上的个数相同？','查15个硬币放在一堆，再查10个硬币放在一堆。然后将10个硬币全部翻面就行了，其实就是取补数。',2,1,0,0,NULL,NULL,NULL,0,NULL,NULL,NULL,NULL,NULL,NULL),(54,'巧排队列','一个班级有24个人。有一次，为了安排一个节目，必须把全班学生排成6列，要求每5个人为一列，那么该怎么排呢？','排成六角形。提到排列，人们总是想到横排或者竖排，但5人为一列，排成6列，24个人是不够的。所以排列时必须要考虑有的人要兼任两个队列的数目，这样排列时，那就要考虑六角形了。',2,1,0,0,NULL,NULL,NULL,0,NULL,NULL,NULL,NULL,NULL,NULL),(55,'黑球白球','一个大小均匀的长管子，两端有口，里面有4个白球和4个黑球，球的直径、两端开口的直径等于管子的内径。现在白球和黑球的排列是yyyyhhhh，要求不取出任何一个球，使得排列为hhyyyyhh','切下管子的hh端，装到另一端，成为hhyyyyhh；或者如果可以弯曲管子使两端相连也可以达到这个效果。',2,1,0,0,NULL,NULL,NULL,0,NULL,NULL,NULL,NULL,NULL,NULL),(56,'珠子','观察图形：前200个珠子中有多少个黑色的？','看图形可知，白色珠子一次一个，黑珠子除第一个外，其余是按照2的n次方的规律排下去。第一块黑珠子有1个，第二块有2个，第三块有2*2=4个，第四块有2*2*2=8个，第五块有2*2*2*2=16个，第六块有2*2*2*2*2=32个，第七块有2*2*2*2*2*2=64个，第八块有2*2*2*2*2*2*2=128个。可以推断出，前200个珠子中有8个白的，有192个是黑的。',2,1,1,0,NULL,NULL,NULL,0,NULL,NULL,NULL,NULL,NULL,NULL),(57,'观察字母1','PRQ、XSZ这两组字母有哪些不同之处？','第一组不对称，第二组中心对称。',2,1,0,0,NULL,NULL,NULL,0,NULL,NULL,NULL,NULL,NULL,NULL),(58,'观察字母2','观察B、C、D、P、X这几个字母，你觉得哪一个字母与其他字母不同？','X，因为X没有弧形。',2,1,0,0,NULL,NULL,NULL,0,NULL,NULL,NULL,NULL,NULL,NULL),(59,'第十个数字','观察下列数字：\\n  1、5、11、19、29、41……这列数中第10个数是多少？','这几个数字是有规律的，1=0+1*1，5=1+2*2,11=2+3*3,19=3+4*4,29=4+5*5,41=5+6*6，依次往下，第7个数字就是6+7*7=55，第8个数字就是7+8*8=71，第9个数字就是8+9*9=89，第10个数字就是9+10*10=109',2,1,0,0,NULL,NULL,NULL,0,NULL,NULL,NULL,NULL,NULL,NULL),(60,'猴子的主意','天气晴朗，两只小兔子开开和心心到森林里去捡蘑菇。森林里的蘑菇可真不少，它们很快就捡了一大堆蘑菇。但在分蘑菇的时候，开开和心心争吵了起来，因为它俩都不想少要，但怎样才能把这堆蘑菇平均分配给它们呢？最后，它们找到了森林中最聪明的老猴子，让它来处理这个问题。于是，老猴子给它们出了奇特的主意，最终它们拿着自己的蘑菇，高高兴兴地回去了。你知道老猴子给它们出的是什么主意吗？','现在我们用A、B来代表两只兔子。老猴子给它们出的主意就是：兔子A先将蘑菇平均分成两份，然后由兔子B在两份中挑走其中的一份，剩下的一份就是属于兔子A的。因为蘑菇是由兔子A分的，所以在它的眼中，这两份当然是一样多的。兔子B在两份中挑选的时候，当然会挑走它认为比较大的一份。这样，两只兔子便都满意了。',2,1,0,0,NULL,NULL,NULL,0,NULL,NULL,NULL,NULL,NULL,NULL),(61,'续写数字','3\\n13\\n1113\\n3113\\n132113\\n1113122113\\n观察这些数字，你能写出下一行数字吗？','这些数字是有规律的，下一行是对上一行数字的读法。第一行3，第二行读第一行，1个3，所以13。第三行读第二行，1个1，1个3，所以1113。第四行读第三行，3个1，1个3，所以3113。第五行读第四行，1个3，2个1，1个3．所以132113。第六行读第五1个1,1个3，1个2，2个1，1个3，所以1113122113。第七行读第六行，3个1，1个3，1个1，2个2，2个1，1个3，所以下一行数字是311311222113。',3,1,0,0,NULL,NULL,NULL,0,NULL,NULL,NULL,NULL,NULL,NULL),(62,'球的位置在哪里','现有两种球，一种黑色的，一种是白色的，将这两种球自上而下排．如图，一层层地排列，每层都是从左往右排。当黑球比白球多2005个时，那么，这个球正好排在第几层第几颗？','根据题意，第一层黑球多3个，第一二层黑球多5个，第三层黑球多7个，依此类推，第n层黑球多2n+1，多2005个的时候，就是在黑球1002层的最后一颗。',3,1,1,0,NULL,NULL,NULL,0,NULL,NULL,NULL,NULL,NULL,NULL),(63,'如何连直线','下图有6个小圆，现在要把3个小圆连成一条直线，只能连成条。如何把一个小圆擦掉，再画到别处，以便可以连出4条直线，并且每条直线上都有3个小圆呢？','把左边的小圆移到右面较远的位置：',3,1,1,1,NULL,NULL,NULL,0,NULL,NULL,NULL,NULL,NULL,NULL),(64,'分蛋糕','幼儿园的老师要给8位小朋友分蛋糕，如何只切3刀就将蛋糕均匀地分成8块？','先将蛋糕切个平衡的十字，再从侧面对称切一刀，就成了均匀的8块蛋糕。',3,1,0,0,NULL,NULL,NULL,0,NULL,NULL,NULL,NULL,NULL,NULL),(65,'拼出7个三角形','用3根火柴棒可以拼出一个三角形，这是谁都会的，但用9根火柴棒拼出7个三角形，你试一下，看能做到吗？','此题在一个平面内是无法完成的，必须向空间发展，即搭出一个立体图，带公共底面的两个三角锥体。',3,1,1,1,NULL,NULL,NULL,0,NULL,NULL,NULL,NULL,NULL,NULL),(66,'四个变六个','如图，请移动其中的两根火柴，使它由四个正方形变成六个正方形',NULL,3,1,1,1,NULL,NULL,NULL,0,NULL,NULL,NULL,NULL,NULL,NULL),(67,'由大变小','用五根火柴，将下图这个大梯形分成四个形状大小相同的小梯形，你可以办得到吗？',NULL,3,1,1,1,NULL,NULL,NULL,0,NULL,NULL,NULL,NULL,NULL,NULL),(68,'越变越多','下面是由火柴棒组成的菱形图案，你能每移动两根火柴，就增加一个菱形，最终移动5次就使它变成8个菱形吗？',NULL,3,1,1,2,NULL,NULL,NULL,0,NULL,NULL,NULL,NULL,NULL,NULL),(69,'增加一倍','用12根火柴棒可以拼出5个正方形（如图），如果再给你4根火柴，摆放在下面的图形中，使正方形的数量变成10个，你能做到吗？',NULL,3,1,1,1,NULL,NULL,NULL,0,NULL,NULL,NULL,NULL,NULL,NULL),(70,'越变越少','下面是用12根火柴棒组成的6个正三角形，你能每次只移动两根火柴棒，使图中的正三角形的数量减一个吗？正三角形可以不一样大，但不能重叠',NULL,3,1,1,3,NULL,NULL,NULL,0,NULL,NULL,NULL,NULL,NULL,NULL),(71,'切图形组数字','在下面的图形中，有几个数字，你能想出一个办法，在图形上画两条直线，使分割后的每个区域内的数字之合都相等吗？','把数字“18”切成两个“1”和两个“0\"四个区域的数字之和都为9。',3,1,1,1,NULL,NULL,NULL,0,NULL,NULL,NULL,NULL,NULL,NULL),(72,'朝上变朝下','用10个玻璃球可以拼成如下图的正三角形，此时三角形的一个尖朝上，若要你只动3个玻璃球，把三角形的尖变成朝下，你能做到吗？',NULL,3,1,1,1,NULL,NULL,NULL,0,NULL,NULL,NULL,NULL,NULL,NULL),(73,'变二为四','在由16根火柴棒组成的两个大三角形内，你有办法拿走4根火柴棒，让变成4个大小相等的三角形吗？',NULL,3,1,1,1,NULL,NULL,NULL,0,NULL,NULL,NULL,NULL,NULL,NULL),(74,'制作七巧板','用一块正方形的厚硬纸，照下图剪成7块，用这七块纸板可以拼成各种物品、动物、用具等，我们把这七块板叫做七巧板。请你用七巧板摆出一个动物、一个用具或物品的图形',NULL,3,1,1,1,NULL,NULL,NULL,0,NULL,NULL,NULL,NULL,NULL,NULL),(75,'盛雨的速度','院子里有一口大缸，下雨的时候，水缸可以在2个小时内落满雨水。如果这天雨的大小并没有改变，只是雨是倾斜着落下来的，那么要盛满这口缸需要的时间是长了还是短了？','和雨竖直下需要的时间一样长。',3,1,0,0,NULL,NULL,NULL,0,NULL,NULL,NULL,NULL,NULL,NULL),(76,'神奇的输水管','陈部长前往国外考察，国外的一位朋友向他展示了一根直径5厘米的金属制管，说道：“我们国内的水管皆以此物体制成。”\\n陈部长不解地问道：“它管径如此细小，怎么能输送水呢？”\\n“它1分钟可输送10吨以上的水呢！”外国朋友回答说\\n“是否将其绑成一束来使用呢？”\\n“不！仅使用一根。”\\n那么，究竟是怎么回事呢？','以如图方式来使用',3,1,0,1,NULL,NULL,NULL,0,NULL,NULL,NULL,NULL,NULL,NULL),(77,'拼正方形','下图是由三个正方形组成的一个图形，如果要你把这个图形截成两份，使得截出的两份可以拼成一个正方形方框，其中心的缺口也是正方形，该怎么做呢？','先截下abcde部分如图1：\\n 再将这部分与其他部分拼合即可如图2：\\n',3,1,1,2,NULL,NULL,NULL,0,NULL,NULL,NULL,NULL,NULL,NULL),(78,'量酒','酒店来了一名顾客，要买一升的酒，但你只有一个容量为二升的正方体玻璃容器，你能只用这个容器，给他准确地量出一升酒吗？','把二升的正方体玻璃容器装满酒，然后把里面的酒倾斜着倒出，当这个正方体容器的底部的一边和倾斜的口的边所在的平面与水平面平行时，容器中剩余的酒就是一升。',3,1,0,0,NULL,NULL,NULL,0,NULL,NULL,NULL,NULL,NULL,NULL),(79,'八根火柴','如果给你八根火柴棒，你能拼出一个图案，里面包含2个正方形和4个三角形吗？',NULL,3,1,0,1,NULL,NULL,NULL,0,NULL,NULL,NULL,NULL,NULL,NULL),(80,'调转火柴','取九根火柴，排成一行，其中只有一根头朝上，其余八根头朝下，要求每次任意调动七根，到第四次时将所有头向下的火柴全都调成头朝上',NULL,3,1,1,1,NULL,NULL,NULL,0,NULL,NULL,NULL,NULL,NULL,NULL),(81,'找规律','一个用l和0组成的2002位的数字，其排列规律是101101110101101110101101110……则这个数字中，有多少个0?','667个。当数字串“101101110”循环222次之后，最后一组数字为1011，因为每一组有3个0，所以，共有222*3+1=667个.',3,1,0,0,NULL,NULL,NULL,0,NULL,NULL,NULL,NULL,NULL,NULL),(82,'得分','10道判断题，每题10分，满分100分，错了不得分，请填问号所代表的分数。四个人答卷如下：','60分。\\n由题可知，第一个人对了7道题，第二个人对了5道题，第三个人对了3道题。\\n可推出正确答案是：\\n×、×、√、×、√、√、√、√、√×\\n所以，最后一人错了4道，得分60分.',3,1,0,1,NULL,NULL,NULL,0,NULL,NULL,NULL,NULL,NULL,NULL),(83,'切分表盘','请将下面这个钟表的面盘切分成6块，使每块里的数字加起来都相等',NULL,3,1,1,1,NULL,NULL,NULL,0,NULL,NULL,NULL,NULL,NULL,NULL),(84,'数字规律','2，5，11，23，47后面一个数字是多少？','95。\\n2+3=5\\n5+3*2=11\\n11+6*2=23\\n23+12*2=47\\n所以47+24*2=95\\n',3,1,0,0,NULL,NULL,NULL,0,NULL,NULL,NULL,NULL,NULL,NULL),(85,'变数字','9的罗马数字写法是Ⅸ，请你加上一笔使它变成6','SIX。',3,1,0,0,NULL,NULL,NULL,0,NULL,NULL,NULL,NULL,NULL,NULL),(86,'走棋的游戏','这是种很有意思的玩法，在下面的4*4的方格中，从A走到B，要求每个方格都要走到，并且不能重复，不能斜走，你能找到几种走法吗？','可能有很多答案，这里提供四种做参考：',3,1,1,1,NULL,NULL,NULL,0,NULL,NULL,NULL,NULL,NULL,NULL),(87,'迷宫','下图是一个由线连接起来的小圆圈组成的迷宫。要求从外围标有数字1至8这八个不闭合的圆圈开始，沿着黑线往前走，一直走到中心的H圈内。每个小圆圈里的数字，规定了你下一步应该走的“站”数。比如：你从外围标有2字的开口圆圈出发，第一步必须走过两个互相连接的圆圈（即2站），这样就将走到另一个标有2或6的小圆圈里，然后根据到“站”上标明的数字2或6，决定应该走的“站”数。允许往回走，最后一步必须正好走进中心的H圈内，走进去以后不能再走出来\\n这座迷宫中只有一条路，可以让你到达目的地，要找到它可不是轻而易举的事。也许要花一番工夫，但一旦找到了，却不容易遗忘\\n你能找到这条唯一正确的路吗？','唯一的道路是从外围标有4字的开口圆圈出发，以后每一步都顺着标有4字的圆圈向前走。',3,1,0,0,NULL,NULL,NULL,0,NULL,NULL,NULL,NULL,NULL,NULL),(88,'一笔画成','一笔画成就是笔不离纸，笔画不重复，一笔画出一个图形。那么，你能用一笔画出下面图形吗？',NULL,3,1,1,1,NULL,NULL,NULL,0,NULL,NULL,NULL,NULL,NULL,NULL),(89,'移动瓶子','有三个瓶子排列成图(a)的形式，现在只准移动其中的一个并将瓶口朝下，使它们成为图(b)的形式，该怎么移动呢？','解法一：把3号瓶子移到1号瓶子的左边，并将瓶口朝下。\\n解法二：把l号瓶子移到3号瓶子的右边，并将瓶口朝下。',3,1,1,0,NULL,NULL,NULL,0,NULL,NULL,NULL,NULL,NULL,NULL),(90,'五个变三个','下图是12根火柴摆成的5个正方形，请你移动3根火柴，把正方形变成3个',NULL,3,1,1,1,NULL,NULL,NULL,0,NULL,NULL,NULL,NULL,NULL,NULL),(91,'五个变四个','下图是16根火柴摆成的5个正方形，请移动2根，把正方形变成4个',NULL,3,1,1,1,NULL,NULL,NULL,0,NULL,NULL,NULL,NULL,NULL,NULL),(92,'巧手变字','在下面每个字上移动一根，把它变成另一个汉字',NULL,3,1,1,1,NULL,NULL,NULL,0,NULL,NULL,NULL,NULL,NULL,NULL),(93,'如何变立方体','用9根火柴棒，可以拼出如图的立方体形状，如果让你拿走两根火柴，用剩下的7根重新摆放，你还能让它形成一个立方体吗？','将7根火柴，摆成数字“8”，就是2的立方。',3,1,1,1,NULL,NULL,NULL,0,NULL,NULL,NULL,NULL,NULL,NULL),(94,'移动数字','请移动下面横线交点处的两个数字，使横竖各行都有7、8、9三个数字',NULL,3,1,1,1,NULL,NULL,NULL,0,NULL,NULL,NULL,NULL,NULL,NULL),(95,'关于猫的艺术品','猫是一种受人喜爱的小动物，猫的形象经常出现在美术作品和手工艺品里。下图是一幅经过夸张和变形的双猫图，两只猫都以剪影形式出现，轮廓曲线由线段和圆弧组成。现在想要将图中每只猫的黑影部分别剪成形状和大小各自相同的两部分，你能做到吗？',NULL,3,1,1,1,NULL,NULL,NULL,0,NULL,NULL,NULL,NULL,NULL,NULL),(96,'两个三角形','阿强画了两个三角形，为了表示这两个三角形，只能用四条线。那么，这两个三角形可能是怎样的？','画两个三角形，二者有一个公共顶点。',3,1,0,0,NULL,NULL,NULL,0,NULL,NULL,NULL,NULL,NULL,NULL),(97,'九宫谜题','将1到9这几个数字排列成3行，每行3个，并使第2行的3个数字之和比第一行的3个数字之和大3，而且使第三行的3个数字之和比第一行的3个数字之和大6。那么，请你试试看能否找到答案？',NULL,3,1,0,1,NULL,NULL,NULL,0,NULL,NULL,NULL,NULL,NULL,NULL),(98,'学者的难题','随身带着20卷亚里士多德的书籍的牛津学者，向自己的同伴提出难题，他说：“我昨夜发明的小小难题，对大家不会有太大的困难。不过，这道题，不需要太大的耐心。”\\n接着，学者拿出一个正方形，如下图所示。他要人们沿图上的直线裁开，分成四块，然后重新加以拼合，再一次得到正确的魔方，使其每行、每列及两条对角线上的和数都等于34','如图所示，按下列方法将正方形分为4块再拼成正方形，每行、每列及两条对角线上的和都是34。',3,1,1,1,NULL,NULL,NULL,0,NULL,NULL,NULL,NULL,NULL,NULL),(99,'移动黑白圆','请先将五个白圆和五个黑圆按下图的顺序摆好，再移动五次圆圈（每次移动一个），把图(a)变成图(b)的顺序，该怎样移动？',NULL,3,1,1,1,NULL,NULL,NULL,0,NULL,NULL,NULL,NULL,NULL,NULL),(100,'好奇的孩子','一个孩子刚学了关于角度的知识，感到非常兴奋，他带了一个大的量角器，从一个点出发，向前走了1米，然后就向左转15度；再向前走l米，然后再向左转15度……他这样走下去，可以回到他的出发点吗？如果可以的话，他一共走了多少路程？','他可以回到出发点，一共走了24米。',3,1,0,0,NULL,NULL,NULL,0,NULL,NULL,NULL,NULL,NULL,NULL),(101,'四兄弟的年龄','一家有4个兄弟，他们4个的年龄乘起来的积为14。那么，他们各自的年龄是多大？当然年龄应该是整数','把乘积可能是14的情况罗列出来，则有14=7*2*l*l或14=14*l*l*l。所以，有可能是有一对双胞胎年龄为1岁，一个2岁，一个7岁，也有可能有三胞胎都是1岁，另外一个14岁。',1,2,0,0,NULL,NULL,NULL,0,NULL,NULL,NULL,NULL,NULL,NULL),(102,'土地哪里去了','有人拍卖一块土地，说土地形状为正方形，南北100米，东西也是100米。等到有人买下来以后，一量，这块土地的面积只有5000平方米，为什么会这个样子呢？那5000平方米的土地哪里去了？','那南北100米和东西100米是正方形的两条对角线而不是边长，所以正方形的面积是5000平方米。',1,2,0,0,NULL,NULL,NULL,0,NULL,NULL,NULL,NULL,NULL,NULL),(103,'大小关系','当B大于C时，X小于C；但是C绝不会大于B。根据这些条件可得出以下哪个结论？\\nA．X绝不会大于B\\nB．X绝不会小于B\\nC．X绝不会小于C','根据题意，可得，当B>C时，C>X。所以，答案为A。',1,2,0,0,NULL,NULL,NULL,0,NULL,NULL,NULL,NULL,NULL,NULL),(104,'掷骰子','用两颗骰子抛出6点的概率是多少，抛出7点呢？','两个骰子的组合有36种可能，构成6的方式有5种，因为两个3的时候只能算一次。所以是5/36。\\n构成7的方式则有6种，所以概率为1/6。',1,2,0,0,NULL,NULL,NULL,0,NULL,NULL,NULL,NULL,NULL,NULL),(105,'有没有免费的午餐','有8名同事每天中午都要去一家饭店吃午餐，饭店的老板对他们说：“你们是常客，我给你们优惠。只要你们每人每天都换一下位子，直到你们8个人的排列次序没有重复的时候为止。那一天之后，你们再来吃饭，无论吃什么，我都免费，怎么样？”\\n请你算算看，要过多久这8名同事才能吃到免费的午餐呢？','每天换一下位子，第一个人有8种坐法，第二个人有7种，第三个人有6种…一第八个人有1种，所以总共的坐法有8*7*6*5*4*3*2*l=40320，也就需要40320天，相当于一百多年，所以，这些人是无法吃到免费的午餐的。',1,2,0,0,NULL,NULL,NULL,0,NULL,NULL,NULL,NULL,NULL,NULL),(106,'时间的问题','(1)有一根分布不均匀的香，香烧完的时间是1个小时，如何用它来判断半个小时？\\n(2)有两根分布不均匀的香，每根香烧完的时间都是1个小时，你能用什么方法判断45分钟时间？','(1)把香的两端都点燃，烧完的时间就是半个小时。\\n(2)一根香两端都点燃，另一根只点燃一端，当两端都点燃的香燃尽时，就过了半个小时，这时把剩下的那根另一端也点燃，当这根香燃尽时就是45分钟。',1,2,0,0,NULL,NULL,NULL,0,NULL,NULL,NULL,NULL,NULL,NULL),(107,'早到的火车','一列装有邮件的火车每次将要达到车站时，邮局就会派出一辆汽车去车站接取。这天火车提前到站了，所以车站就派人骑摩托车把邮件送往邮局。摩托车手走了30分钟，迎面遇到了邮局来取邮件的汽车，汽车司机接过邮件，一刻也不耽误（不计装邮件时间）地掉头回去。汽车回到邮局比平时早了20分钟。请问这天的火车比平时早到了多长时间？','40分钟。\\n汽车司机提前20分钟回到邮局，说明他从遇到摩托车手的地方到火车站这段路程来回需要20分钟，单程需要10分钟。也就是说，如果火车正点到达，是在与摩托车手相遇后的10分钟，但此时火车已经到站30分钟了。所以，这一天火车比以前提前了40分钟到站。',1,2,0,0,NULL,NULL,NULL,0,NULL,NULL,NULL,NULL,NULL,NULL),(108,'苹果','有一堆苹果，如果10个10个数，则剩下9个；9个9个数，则剩下8个；8个8个数，则剩下7个；7个7个数，则剩下6个；6个6个数，则剩下5个；5个5个数，则剩下4个；4个4个数，则剩下3个；3个3个数，则剩下2个；2个2个数，则剩下1个。试问，这堆苹果有多少个？','也就是说不管怎么数，都缺一个苹果，那么如果加上一个苹果的话，就都可以整除了。\\n因为问题问的是这堆苹果至少有多少个，所以，加上一个苹果，这堆苹果的最小的数量就是2、3、4、5、6、7、8、9、10的最小公倍数，2520。所以，这堆苹果至少有2519个。',1,2,0,0,NULL,NULL,NULL,0,NULL,NULL,NULL,NULL,NULL,NULL),(109,'金字塔','用圆球摆成金字塔形，也就是最上面一层有1个球，第二层有3个球，以此类推，那么一个三层的金字塔需要10个球。清问一个五层的金字塔需要多少个球？','三层需要10个，也就是第三层是6个，那么层数用n来表示的话，那么每层的小球个数就是n(n+1)/2。所以，第四层是10个，第五层是15个，共35个。\\n或者可以得出这个规律，每层之间小球数量的差是递增的，1+2=3，3+3=6，6+4=10,10+5=15。',1,2,0,0,NULL,NULL,NULL,0,NULL,NULL,NULL,NULL,NULL,NULL),(110,'猜数字','有这么一个七位数，它的个位数字是这个七位数中数字6的个数；它的十位数字是这个数中字5的个数；它的百位数字是这个七位数中数字4的个数；它的千位数字是这个七位数中数字3的个数；它的万位数字是这个七位数中数字2的个数；它的十万位数字是这个七位数中数字1的个数；百万位数字是这个七位数字0的个数\\n你能写出这个七位数吗？','3211000。\\n因为一个七位数中最多只能有7个数字，根据题意，显然七个数字重复一样是不可能的，且个位数字不可能是6、5、4、3、2、1．只能是0，同理，十位、百位也是0。',1,2,0,0,NULL,NULL,NULL,0,NULL,NULL,NULL,NULL,NULL,NULL),(111,'爱的程度','一个德高望重的数学家有两个儿子，他们都不学无术，整天只知道挥霍时间和金钱。一天，数学家得了重病，两个儿子都争着想得到他珍藏的一件宝物，于是向他诉说自己有多爱父亲。数学家知道他们拿到宝物就只知道挥霍，决心用数学来让宝物得到应有的归宿，于是他说：“既然你们都说自己比对方爱我，那你们用数字或数学公式来表示你们对我的爱的程度，谁爱得多，宝物就归谁。”\\n大儿子说：“与弟弟比起来，我是一百倍地爱您。”\\n二儿子心想，你肯定没法比过我，于是说：“爸爸，与哥哥相比，我是一千倍地爱您。”\\n没想到，听了他们的深情话语，数学家神情沮丧地说：“这不就等于你们两个都完全不爱我吗？”于是，他把宝物捐给了国家博物馆\\n这究竟是怎么回事？','如果两个儿子说的都是真话，哥哥的爱用a来表示，弟弟的话用b来表示，那么a=l00b,b=1000a，那么a=100×l000a，要使等式成立，只能a=0，那么6也是0。所以数学家说他们都完全不爱他。',1,2,0,0,NULL,NULL,NULL,0,NULL,NULL,NULL,NULL,NULL,NULL),(112,'鸡和鸭','有一天，一个过路人看到路边一个小孩赶着一群黑羊和白羊，就好奇地问他黑羊和白羊各有多少只。小孩想为难一下过路人，就说：“把黑羊的只数乘以白羊的只数，这个乘积放在镜子里照一下，得到的数正好是黑羊和白羊的只数的总和。”过路人一听愣住了，这可怎么算呢？你知道吗？','镜子中照的物体和原物体是左右相反的，而阿拉伯数字中，除了0以外，只有1和8是符合这样条件的。因此，黑羊和白羊的数量的乘积应该是81，和是18，所以，黑羊、白羊各有9只。',1,2,0,0,NULL,NULL,NULL,0,NULL,NULL,NULL,NULL,NULL,NULL),(113,'门牌号码','小刚家的门牌号是一个从左到右用阿拉伯数字写的四位的数字。有一天，门牌掉了下来，小刚重新放上去的时候却把它放反了。他发现现在的门牌号仍然是一个四位的阿拉伯数字，但是比原来的数字多了7875。请问小刚家的门牌号原来是多少？','上下颠倒仍然还是数字的有0、1、6、8、9，所以门牌号就在这几个数字当中。\\n假设原来的门牌号是abcd，颠倒后的是ABCD。因为要比原来的数字多7875，所以A至少是8或9，那么d就应该是8或6，因为两个门牌号的差的结尾是5，所以，d只能是6，那么A是9。那么就有9BCD-abc6=7875，那么，D=l．a=1,9BCl-lbe6=7875，要使等式成立C-c=8，有三种情况，C=8，c=0，或C=6，c=8或C=9，c=l。如果，C=8，那么颠倒后为9081，原来为1806，差为7275，不符合。如果C=6，c=8，那么颠倒为9861，原来为1986，符合题中条件。如果C=9，c=l，颠倒为9191，原来为1616，差为7575，不符题意。所以原来的门牌号是1986。',1,2,0,0,NULL,NULL,NULL,0,NULL,NULL,NULL,NULL,NULL,NULL),(114,'赛跑','甲和乙赛跑。当甲到达10米终点时，乙才跑到9米的地方。现在如果让甲的起跑线退后l米，这时再进行赛跑，他们能同时到达终点吗？','甲和乙的速度之比为10:9，当甲跑11米，乙跑10米时，两个人需用的时间之比为(11110):(10/9)=99:100。所以还是甲用的时间少，甲先到。',1,2,0,0,NULL,NULL,NULL,0,NULL,NULL,NULL,NULL,NULL,NULL),(115,'分水果','小明家里来了5位同学。小明的妈妈发现家中只有5个苹果。她想把这5个苹果平分给这6个小孩子。可是又不想把它们都切成碎块，她希望每个苹果最多只能切3块，你能想出方法吗？','先把3个苹果各切成两半，这样就有了6个半边的苹果，再把另外的3个苹果每个都切成三份，这样就又有了6份1/3的苹果，于是每个孩子都平均地得到了一个半边苹果和一个1/3苹果。',1,2,0,0,NULL,NULL,NULL,0,NULL,NULL,NULL,NULL,NULL,NULL),(116,'坐车上班','小明的妈妈每天都要坐公交车上班。从家到公司的公交车有两趟，分别是1路和2路。这两路公交车的路线在小明妈妈上班的路程范围内线路是一样的，而且都是每隔10分钟一趟。唯一不同的是1路的首班车时间是6点30分，2路的首班车时间是6点31分。一个月下来，妈妈发现自己坐l路车的次数要比2路车多得多，你知道这是为什么吗？','因为1路车过后需要1分钟2路车就会到达，而2路车过后要9分钟1路车才能来。如果小明的妈妈错过了一辆l路车，很有可能也错过了紧跟着的2路车，因为中间只有1分钟的时间，那么接下来能先坐到的是l路车。而错过了2路车，再错过紧跟着的1路车的可能却比较小，因为中间的9分钟要比1分钟长。',1,2,0,0,NULL,NULL,NULL,0,NULL,NULL,NULL,NULL,NULL,NULL),(117,'两兄弟','艾伯特、巴尼、柯蒂斯、德怀特、艾米特和法利都是艺术品收藏家，其中两人是兄弟。一天，他们一起去了一家艺术品商场，各自购买了一些艺术品。购买情况如下：','德怀特和法利是兄弟。\\n2*(1+2+3+4+5+6)X-N*X=1000\\nN为兄弟俩所买件数，为3~11的整数，则42-N的范围为31-39。X为兄弟所买商品单价，要求IOOO/X是个有限小数。\\n解得：42-N=IOOO/X。\\n只有当N为10时（42-N=32），1000/X符合条件。\\n而能等于10的只有4+6，德怀特和法利。',1,2,0,0,NULL,NULL,NULL,0,NULL,NULL,NULL,NULL,NULL,NULL),(118,'截成几段','有一根31厘米长的木棍，把它截成几段，然后用这几段可以接成l厘米到31厘米中的任意长度，那么，最少要截成几段呢？','最少要截成5段，每段的长度分别是l厘米、2厘米、4厘米、8厘米和16厘米。',1,2,0,0,NULL,NULL,NULL,0,NULL,NULL,NULL,NULL,NULL,NULL),(119,'一个数字','有这么一个数，当它加上100后，所得的数是一个正整数的平方，然后用所得的数再加上68，又是另外一个正整数的平方。你能算出这个数是多少吗？','这个数是156。设所求数为n，第一次加的数为a，第二次加的数为b',1,2,0,2,NULL,NULL,NULL,0,NULL,NULL,NULL,NULL,NULL,NULL),(120,'哈克的小船','哈克和吉姆乘坐一条小船逃离了小镇，这条小船在顺水行驶的时候，每3分钟可以走l千米，但要是在逆水行驶的时候，要4分钟才能走l千米。那么在平静的水面，他们走1千米需要花费多少时间呢？','在平静的水面走l千米需要3.4286分钟。',1,2,0,0,NULL,NULL,NULL,0,NULL,NULL,NULL,NULL,NULL,NULL),(121,'种蘑菇','有两个兔子有同样多的朽木桩，它们收集了一些蘑菇的孢子，把它们分装在小袋子里，平分成两份，一人一份，然后去种蘑菇\\n兔子甲在每根朽木桩上种一袋孢子，兔子乙在每根朽木桩上种三袋孢子。到最后，兔子甲种满了它的朽木桩，但是还剩下了5袋孢子；兔子乙的孢子用完了，还剩下5个朽木桩没有种\\n它们原来各有多少根朽木桩和多少袋孢子？','它们各有朽木桩10个，各有15袋孢子。',1,2,0,0,NULL,NULL,NULL,0,NULL,NULL,NULL,NULL,NULL,NULL),(122,'古怪的算式','如果知道12x8+2=98;123x8+3=987，你能在下面的括号中填入合适的数字，使等号成立吗？\\n(1)()x8+()=9876\\n(2)()x8+()=98765\\n(3)()x8+()=987654\\n(4)()x8+()=9876543\\n(5)()x8+()=98765432\\n(6)()x8+()=987654321','(1)1234、4;(2)12345、5;(3)123456、6;(4)1234567、7;(5)12345678、8;(6)123456789、9。',1,2,0,0,NULL,NULL,NULL,0,NULL,NULL,NULL,NULL,NULL,NULL),(123,'树的距离','小明的妈妈带领小明在房后种了一行树，一共10棵。树与树之间距离是3米，种完树后，妈妈问小明，从第一棵树到最后一棵树之间一共有多少米？小明回答的对吗，为什么？','不对，因为共有10棵树，树与树间隔共9段，每段3米，所以第一棵树到最后一棵树之间共长27米。',1,2,0,0,NULL,NULL,NULL,0,NULL,NULL,NULL,NULL,NULL,NULL),(124,'抽签的谜题','有四个人在一起玩游戏，他们把1-9的数字写在纸条上，然后每个人抓两个。甲抓到的两个数字之合是10；乙抓到的两个数字之差是1；丙抓到的两个数字之积是24；丁抓到的两个数字之商是3\\n你能说出他们每个人都抓到的数字分别是什么吗？','甲抓到的数字是1和9；乙抓到的数字是4和5；丙抓到的数字是3和8；丁抓到的数字是2和6。',1,2,0,0,NULL,NULL,NULL,0,NULL,NULL,NULL,NULL,NULL,NULL),(125,'小刚的烦恼','小刚现在苦恼极了，他的账日出现了问题。今天他帮妈妈看店，有一家三姐妹进来买东西，最小的女孩要了几根橡皮筋，稍大点的女孩要了等于橡皮筋个数4倍的鞋带，大女孩买了数量等于橡皮筋8倍的线团。而每件东西的价格数字正好和她们买这种东西的个数相等，她们一共付了32.4元\\n现在小刚想知道的是，她们每样东西到底买了多少个？','她们买了2个橡皮筋，8根鞋带，16团线团。',1,2,0,0,NULL,NULL,NULL,0,NULL,NULL,NULL,NULL,NULL,NULL),(126,'A、B、C各是多少','已知A+A=A*A;B*B=B÷B，C+C=C-C。那么你知道A、B、C各是多少吗？','A是2或者0；B是l；C是0。\\n127、计算器上的数字\\n会显示“555555”，其实诀窍就在于15873x7=1111110',1,2,0,0,NULL,NULL,NULL,0,NULL,NULL,NULL,NULL,NULL,NULL),(127,'计算器上的数字','两个朋友在拿计算器玩游戏。甲说：“请你从1-9的数字中，选择一个你喜欢的数字，输入到计算器上。”\\n乙说：“我选择5。”\\n甲说：“接下来，你把这个数字乘以15873，然后再乘以7。”\\n乙说：“咦，怎么会这样？”\\n计算器上显示的数字会是多少呢？','',1,2,0,1,NULL,NULL,NULL,0,NULL,NULL,NULL,NULL,NULL,NULL),(128,'加运算符号','在下面的数字中间添上运算符号，使得数等于50\\n123456789=50\\n123456789=50\\n123456789=50',NULL,1,2,0,1,NULL,NULL,NULL,0,NULL,NULL,NULL,NULL,NULL,NULL),(129,'填入数字','在下面的括号中填入数字1-5的数字，使等号成立，但每个数字只能使用一次\\n()÷()+()-()=22÷()',NULL,1,2,0,1,NULL,NULL,NULL,0,NULL,NULL,NULL,NULL,NULL,NULL),(130,'关于8的算术','在三个8之间填上运算符号，使等式成立\\n8 8 8 = 8\\n8 8 8 = 8',NULL,1,2,0,1,NULL,NULL,NULL,0,NULL,NULL,NULL,NULL,NULL,NULL),(131,'破译密码','战争时期，很多战事情报都是通过密码的方式发送的。转换密码是一种很常用的密码。最早出现的转换加密是在古罗马时期。有这样一种转换加密方式，用1至9的数字的组合来代替字母a到z，如果你能知道它们分别是怎么代替的，你就可以破解这个密码了\\n已知这个等式是成立的：SEND+MORE=MONEY。它们中的每一个字母都代表一个独一无二的数字\\n那么，你能破译它们吗？破译后，ME和DO分别代表什么数字？',NULL,2,2,0,1,NULL,NULL,NULL,0,NULL,NULL,NULL,NULL,NULL,NULL),(132,'整齐的算式','已经知道：12345679×(9)=111111111；12345679×(18)=222222222。那么，你能不用计算就在下面的括号中填入合适的两位数使等号成立吗？\\n(1)12345679×()=333333333\\n(2)12345679×()=444444444\\n(3)12345679×()=555555555\\n(4)12345679×()=666666666\\n(5)12345679×()=777777777\\n(6)12345679×()=888888888\\n(7)12345679×()=999999999',NULL,2,2,0,1,NULL,NULL,NULL,0,NULL,NULL,NULL,NULL,NULL,NULL),(133,'老太太分糖','有一个老太太对村子里的孩子们特别疼爱。她每周都要买同样数量的糖果分给孩子们。这周刚分完了糖果，等孩子们散去，她对最后留下替她打扫房子的那个男孩说：“如果你们这周来的人比上周的人少5个的话，每个人就可以多分2颗奶糖，但是你们却多来了4人，所以每个人比上周少分了1颗。”\\n据此，你能算出这位老太太这周买了多少颗糖果吗？','老太太买了120颗糖果，这周共来了24个孩子。',2,2,0,0,NULL,NULL,NULL,0,NULL,NULL,NULL,NULL,NULL,NULL),(134,'孩子的年龄','两个人在车站闲聊。一个人带着自己的儿子。另一个人给了这个孩子一块糖，然后问他：“你今年几岁了？”谁知道这个孩子特别聪明，他对那个人说：“我的年龄是我妹妹年龄的5倍，我妈妈的年龄是我岁数的5倍，我爸爸的年龄是我妈妈年龄的两倍，我们的岁数全加起来正好是我外公的年龄。我们正要赶去给他过81岁生日呢。”','这个孩子5岁了。',2,2,0,0,NULL,NULL,NULL,0,NULL,NULL,NULL,NULL,NULL,NULL),(135,'猴子的香蕉','有一只小猴子在深山中发现了一片野香蕉园，它一共摘了300根香蕉，然后要走1000米才能走到家，如果它每次最多只能背100根香蕉（要是背多了就会被压死了），并且它每走10米就要吃掉一根香蕉，那么，它最多可以把多少根香蕉带回家？','因为小猴子每次只能背起100根香蕉，所以它至少要跑三次。\\n第一次，小猴子背起100根香蕉走到离出发点200米处，卸下60根香蕉，这时身上还剩下20根，然后它回到出发点，再背起100根香蕉走到200米处，卸下60根，返回，再背上最后的100根走到200米处，这时，在200米处，小猴子有了200根香蕉。\\n第二次，小猴子背起100根香蕉再往前走333.3米，这时，剩下67根香蕉，卸下34根，返回，再背起剩下的100根，这次走到333.3米处时，正好和前一次的往返加起来多走了10米，所以吃了34根香蕉，这时它共剩下100根香蕉。\\n第三次，小猴子离家的路共剩下466.7米，它背起剩下的100根香蕉，走到家的时候，吃了46根，所以它最后剩下54根香蕉。',2,2,0,0,NULL,NULL,NULL,0,NULL,NULL,NULL,NULL,NULL,NULL),(136,'小赵的年龄','小赵最不喜欢别人问她的年龄，如果有人问她，她总是给出一个复杂的条件来说明她的年龄\\n(1)它的3次方是一个四位数，而4次方是一个六位数\\n(2)这个四位数和六位数的各位数字正好是0-9这十个数字\\n你能猜出小赵的年龄吗？','18岁。\\n一个数的3次方是四位数，那么这个数大于等于10小于等于21。一个数的4次方是一个六位数那么它大于等于18小于等于31，所以小赵的年龄在18-21之间。\\n因为20的三次方和四次方都有0，所以排除20。21的任何次方尾数都是1，也排除。因为20的4次方是160000，所以19的四次方也是以1开头的，而19的四次方结尾一定是1．所以19也排除。只剩下18。',2,2,0,0,NULL,NULL,NULL,0,NULL,NULL,NULL,NULL,NULL,NULL),(137,'车间人数','某工厂三个车间共有180人，第二车间人数是第一车间人数的3倍还多1人，第三车间人数是第一车间人数的一半少一人。三个车间各有多少人？','假设第一车间的人数为a，则第二车间的人数为3a+l，第三车间的人数是a/2-l，所以a+3a+l+a/2-1=180\\na=40\\n所以第一车间人数为40，第二车间的人数为121，第三车间的人数是19。',2,2,0,0,NULL,NULL,NULL,0,NULL,NULL,NULL,NULL,NULL,NULL),(138,'兄弟年龄','兄弟二人三年后的年龄和是26，弟弟今年的年龄刚好是兄弟二人年龄差的2倍。请问兄弟二人现在各几岁？','哥哥12岁，弟弟8岁。\\n假设弟弟现在的年龄是a，哥哥现在的年龄是b，那么\\na=2(b-a)\\na+3+b+3=26\\n解得：\\na=8\\nb=12',2,2,0,0,NULL,NULL,NULL,0,NULL,NULL,NULL,NULL,NULL,NULL),(139,'唐老鸭卖鸭蛋','唐老鸭开起小店卖鸭蛋了\\n第一天，小狐狸拿一元钱买了一个鸭蛋，唐老鸭找给他2张钞票；第二天，小狐狸又拿了一元钱买了同样的两个鸭蛋，唐老鸭又找给他2张钞票；第三天，小狐狸又拿了一元钱买了同样三个鸭蛋，还是找回2张钞票；第四天，小狐狸还是拿了一元钱想买4个同样鸭蛋，可是这回唐老鸭说小狐狸的钱不够了\\n请你想一想：鸭蛋多少钱一个？每次找回的钞票面额是多少？','一个鸭蛋要3角。\\n第一天，小狐狸拿一元钱买了一个鸭蛋，唐老鸭找给他一张2角和一张5角。第二天，小狐狸又拿了一元钱买了同样的两个鸭蛋，唐老鸭又找给他两张2角。第三天，小狐狸又拿了一元钱买了同样的三个鸭蛋，找了两个5分的硬币。',2,2,0,0,NULL,NULL,NULL,0,NULL,NULL,NULL,NULL,NULL,NULL),(140,'后会有期','甲乙二人同时从A地向B地出发，甲每天走7公里，乙第一天走l公里，第二天走2公里，第三天走3公里，从第四天开始每天多走1公里。请问，这二人从出发经过多少天可以相遇？','13天。\\n前6天乙每天比甲依次少走6、5、4、3、2、1公里，第7天两人走的距离相等，第8天开始，乙每天比甲多走依次是l、2、3、4、5、6-到多走6公里的那天，两人就相遇了，这是第13天。',2,2,0,0,NULL,NULL,NULL,0,NULL,NULL,NULL,NULL,NULL,NULL),(141,'跳远的游戏','姐姐和妹妹在玩一个跳远的游戏。她们双脚起跳，在相同的时问内，姐姐每跳3次，妹妹能跳4次；但妹妹跳7次的距离，才和姐姐跳5次的一样远。所以，在开始跳的时候，姐姐让妹妹先跳10次，她再开始跳着在后面追\\n如果是这样的话，请问，姐姐能追上妹妹吗？如果能，那么在她跳第几次的时候可以追上？','姐姐可以追上妹妹，但必须跳150次。\\n根据“在相同的时间内，姐姐每跳3次，妹妹能跳4次”分析，当姐姐跳15次的时候，妹妹跳了20次。\\n这时，根据“妹妹跳7次的距离，才和姐姐跳5次的一样远”姐姐跳15次所跳的距离是妹妹跳21次的距离。而这时妹妹只跳了20次，所以可以得到：姐姐每跳15次的距离，就能比妹妹多一个相当于妹妹跳一次的距离。\\n因为妹妹先跳了10次，所以姐姐如果想追上妹妹，她必须跳的次数是：15×10=150（次）。',2,2,0,0,NULL,NULL,NULL,0,NULL,NULL,NULL,NULL,NULL,NULL),(142,'老王戒烟','老王决定戒烟，他为自己制订了一个戒烟计划，第一周戒掉每天所吸烟数的20%，第二周每天戒掉第一周每天吸烟数的25%，第三周每天只吸第二周每天所吸烟量的50%。那么，第三周每天他只吸3根烟\\n那么老王现在每天要吸多少烟？','老王现在每天吸10根烟。\\n由题意可知，老王第二周每天吸6根，由于第二周戒掉了第一周的25%，也就是第二周是吸烟量是第一周的75%，6÷75%=8，第一周每天吸8根，而第一周戒掉20%，所以，现在的吸烟量是8÷(1—20%)=10（根）。',2,2,0,0,NULL,NULL,NULL,0,NULL,NULL,NULL,NULL,NULL,NULL),(143,'分香蕉','妈妈分香蕉，分给家中每人1个还剩1个，如果每人分2个还少2个。家中有几个人？妈妈买了几个香蕉？','3个人，4个香蕉。每人多分两个是比每人分一个时少了三个香蕉，那么可以知道这里有三个人，所以就有四个香蕉。',2,2,0,0,NULL,NULL,NULL,0,NULL,NULL,NULL,NULL,NULL,NULL),(144,'大人比小人大多少','有一个大人国的人和一个小人国的人相遇了，他们发现大人国的人比小人国的人高一倍，宽一倍，前后也厚一倍，如果他们身体的骨骼和肌肉的密度是一样的话，那么，大人国的人的体重是小人国的人的体重的几倍？','根据体积的算法，大约是8倍。',2,2,0,0,NULL,NULL,NULL,0,NULL,NULL,NULL,NULL,NULL,NULL),(145,'老太太的鹦鹉','迎面走来了7位老太太，她们每个人的手中都拿了7根拐杖，每个拐杖上都挂了7个鸟笼，每个鸟笼里都装了7只鹦鹉。那么一共有多少只鹦鹉呢？','一共有2401只鹦鹉。',2,2,0,0,NULL,NULL,NULL,0,NULL,NULL,NULL,NULL,NULL,NULL),(146,'中奖的概率','很多人都喜欢抽彩票，因为可能会得到大奖。如果有两种抽彩票的方法，一种是在10张中抽出2张来；另外一种是让你从100张彩票中抽10次，每次抽出2张来，但是前9次每抽完一次就要把抽出的彩票再放回去。你认为这两种方法哪一种抽中大奖的概率大一些呢？','两者的概率是相等的，但是很多人在感觉上并不是这样。',2,2,0,0,NULL,NULL,NULL,0,NULL,NULL,NULL,NULL,NULL,NULL),(147,'鸭子下蛋','若10只鸭子在10天内可以下10枚蛋。那么，需要多少只鸭子才可以在100天得到100枚蛋？','10只，因为一只鸭子10天才下l枚蛋，100天下10枚，10只100天下100枚。\\n',2,2,0,0,NULL,NULL,NULL,0,NULL,NULL,NULL,NULL,NULL,NULL),(148,'训练的距离','某自行车运动员进行他一贯的训练，他先骑了一段平路，然后骑上一个不是很陡的山，到达山顶后再按原路返回，一共骑车5个小时。如果他在平路上的速度是每小时40千米，上山每小时30千米，下山每小时60千米。那么，他一共骑了多少千米？','他一共骑了200千米。假设平路距离为x，山路距离为y，则有x/40*2+y/30+y/60=5，通分后得x+y=100，这100千米是单程距离，所以他共走了200千米。',2,2,0,0,NULL,NULL,NULL,0,NULL,NULL,NULL,NULL,NULL,NULL),(149,'聪明的弟弟','妈妈在节日的时候，给三个孩子都分了糖果。每个人收到的糖果数量等于他四年前的岁数。老三是个爱吃糖果的孩子，他向两个哥哥提出了分糖果的建议：“我只留下我自己的一半的糖果，把另一半让你们双方分；然后二哥也留下一半，把他的另一半让我和大哥分；最后，大哥留下一半，把另一半让我和二哥分。”\\n两个哥哥同意了。重新分过糖果之后，三个人的糖果都相等了，每个人都有8颗糖果\\n聪明的读者，你知道三兄弟现在的年龄各是多少吗？','交换之后，三个人各有8颗糖果，所以最后一次交换前，大哥有16颗糖果，二哥和三弟各有4颗糖果；所以，二哥在未分糖果前，有8颗糖果，大哥有14颗，三弟有2颗。可知，三弟在未分前，有4颗糖果，二哥有7颗糖果，大哥有13颗糖果。\\n最初每个人得到的糖果数是他四年前的岁数。所以，现在大哥17岁，二哥11岁，三弟8岁。',2,2,0,0,NULL,NULL,NULL,0,NULL,NULL,NULL,NULL,NULL,NULL),(150,'小明的得分','老师对小明说：“这里有30道题目，如果你答对一个，就给你7分，如果做错一题就扣你3分。”小明做完这30道题，结果得了O分\\n那么，你知道他做对了几道题目吗？','小明做对了9道题。\\n假设小明做对了所有的题目，那么他将得到的分数是：7*30=210（分）。\\n但是他得了零分，这么说他丢掉了210分。因为他如果做错一道题的话，不但不能得到7分，反而要被扣掉3分，因此他做错一道题要损失的分数是：\\n7+3=10（分）。\\n因为他损失了210分，所以他做错的题目数量是：\\n210÷10=21（道）。\\n那么他做对的题目数量是：\\n30-21=9（道）。',2,2,0,0,NULL,NULL,NULL,0,NULL,NULL,NULL,NULL,NULL,NULL),(151,'组成最小数字','如果不使用任何其他的符号和记号，只把l、2、3、4这四个数字各使用一次，组成最小数字的方法有多少种呢？分别是哪几种？','有6种，分别是：l的234次方，1的243次方，1的324次方，1的342次方，1的432次方，l的423次方。',2,2,0,0,NULL,NULL,NULL,0,NULL,NULL,NULL,NULL,NULL,NULL),(152,'鸡、鸭、鹅','爸爸买来一只鸡、一只鸭、一只鹅，共重10千克。并对小明说已经知道一只鸡和一只鸭共重6千克；一只鹅和一只鸭共重8千克。由此你能算出一只鸭是多少千克吗？','已经知道一只鸡和一只鸭共重6千克；一只鹅和一只鸭共重8千克。那么一只鸡和一只鹅与两只鸭共14千克，所以可以知道一只鸭4千克。',2,2,0,0,NULL,NULL,NULL,0,NULL,NULL,NULL,NULL,NULL,NULL),(153,'填数字','将1-8这8个数字分别填入下面正方体的8个顶点处，使每个面的4个数和相等\\n','1-8这8个数的总和是36，每个面的4个顶点都是3个面重复使用的，所以，6个面的数字的总和是36x3=108，每个面的数字和就是108÷6=18。只需将1~8这8个数字分成和为18的两组即可，如图。',2,2,1,1,NULL,NULL,NULL,0,NULL,NULL,NULL,NULL,NULL,NULL),(154,'别致的算式','如果知道：0*9+8=8;9*9+7=88，你能在下面等式的括号里填入合适的数字，使等式成立吗？\\n(l)()*9+6=888\\n(2)()*9+5=8888\\n(3)()*9+4=88888\\n(4)()*9+3=888888\\n(5)()*9+2=8888888\\n(6)()*9+1=88888888\\n(7)()*9+0=888888888','(1)98,(2)987,(3)9876,(4)98765(5)987654.(6)9876543.(7)98765432。',2,2,0,0,NULL,NULL,NULL,0,NULL,NULL,NULL,NULL,NULL,NULL),(155,'计算日期','如果公历的1978年1月1日是星期日，那么公历的2000年的1月1日是星期几？','星期六。\\n1978年和2000年相差22年，这22年中又有5年是闰年，即1980年、1984年、1988年、1992年、1996年。\\n因为，平年全年是365天，闰年是366天，所以这22年的天数就是：',2,2,0,0,NULL,NULL,NULL,0,NULL,NULL,NULL,NULL,NULL,NULL),(156,'爱抽烟的人','一个爱抽烟的人每半小时要吸一支烟，在没有钱买烟的时候，他会把以前的烟头收集一下，把四个烟头接起来做成一支烟。这天，他用最后的钱买了l6支烟，那么，这些烟够他抽多少小时？','16支烟首先可以抽8小时。然后他会用这16个烟头，做成4支烟，又可以抽2个小时，剩下的4个烟头又可以做一支烟，再抽半个小时。所以他一共可以抽11个半小时。',2,2,0,0,NULL,NULL,NULL,0,NULL,NULL,NULL,NULL,NULL,NULL),(157,'爱因斯坦的台阶问题','爱因斯坦经常给他邻居家的小孩子讲解数学题。有一次他给那个孩子出了这样一个题：有一条很长的台阶，如果每步跨2个台阶，那么最后剩下1个台阶；如果每步跨3个台阶，那么最后会剩下2个台阶；如果每步跨4个台阶，那么最后剩下3个台阶；如果每步跨5个台阶，那么最后会剩下4个台阶；如果每步跨6个台阶，那么最后会剩下5个台阶；如果每步跨7个台阶，那么正好不会剩下台阶。请问，这条台阶最少有多少阶？','119．\\n从题中可以看出，台阶的阶数比2、3、4、5、6的公倍数小1，同时又是7的倍数。而2、3、4、5、6的最小公倍数是60。所以台阶的阶数可能是nx60-1，取n为正整数，那么可以列出可能的阶数是：59、119、179……\\n其中，119是7的最小倍数。所以台阶的阶数最小可以是119。',2,2,0,0,NULL,NULL,NULL,0,NULL,NULL,NULL,NULL,NULL,NULL),(158,'发车次数','学校往火车站有一趟公交车，每隔20分钟发出1次。如果从上午8点整发出第1次公共汽车，那么，到下午6点整共发车多少次？','发了31次车。\\n从上午8点到下午6点共10个小时，如果每20分钟一次的话，共可以发30次，又因为8点整发出1次汽车，下午6点整也发出1次汽车，所以共发了31次车。',2,2,0,0,NULL,NULL,NULL,0,NULL,NULL,NULL,NULL,NULL,NULL),(159,'猎人的赠品','在打猎的途中，三个本不相识的猎人相遇了，他们相约一起打猎。一天过去了，他们带着自己所打的猎物回家，在要分别的路口互相赠送自己所打的猎物\\n甲首先把自己所打的猎物送给乙和丙，所送的数目和两个人原来的猎物的数目相同；然后乙把自己现有的猎物送给甲和丙，所送数目分别等于这两个人在第一次甲送后所拥有的猎物的数目；然后丙把自己现有的猎物送给甲和乙，所送数目分别等于两个人在第二次乙送后所拥有的数目。\\n这时，三个人都有了16只猎物。那么，原来每个人分别有多少猎物？','原来甲有26只猎物，乙有14只猎物，丙有8只猎物。',2,2,0,0,NULL,NULL,NULL,0,NULL,NULL,NULL,NULL,NULL,NULL),(160,'投资问题','甲、乙二人一起开了一家工厂，甲当初投入的资本是乙的1.5倍。这时丙也要入伙，所以他拿出了250万元钱来投资，这时，甲、乙、丙想让三个人占有的股份都相等，所以决定将这250万元由甲、乙两人瓜分。那么，他们该如何分这笔钱呢？','250万元买1/3的股份，那么，这家工厂的总资产应该是750万元。由于甲掌握的股份是乙的1.5倍，那么，他的股份是450万元，乙的是300万元。如果让三位合作伙伴股权相等。都是250万元，那么甲卖给丙200万元的股份，乙卖给丙50万元的股份。也就是丙的250万元中200万元给甲，50万元给乙。',2,2,0,0,NULL,NULL,NULL,0,NULL,NULL,NULL,NULL,NULL,NULL),(161,'拼图游戏','现在市场上有很多拼图游戏，常见的是有1000片大小相同的小片组成的拼图，你把它们拼在一起，就成为一幅优美的图画\\n拼图的步骤是这样的：从两个开始组成一个小部分，然后再找出另外的相近的小片，把它们拼在上面，使拼图的面积增大，一直到最后拼成。或者刚开始的时候拼成很多小的部分，然后把这些小部分连接在一起\\n如果加入一个小片或者连接两个小部分都算是一步，那么把1000片小片拼在一起至少需要多少步？','至少需要999步，两种拼法需要的步数是相同的。',3,2,0,0,NULL,NULL,NULL,0,NULL,NULL,NULL,NULL,NULL,NULL),(162,'钓鱼','六个好朋友一起去钓鱼，在回来的时候他们清点各自的成果，发现甲和乙共钓了11条，乙和丙共钓了17条，丙和丁共钓了11条，丁和戊共钓了33条，戊和己共钓了53条，己和乙共钓了32条\\n那么，你能算出他们分别钓了多少条鱼吗？','甲钓了2条鱼，乙钓了9条鱼，丙钓了8条鱼，丁钓了3条鱼．戊钓了30条鱼，己钓了23条鱼。',3,2,0,0,NULL,NULL,NULL,0,NULL,NULL,NULL,NULL,NULL,NULL),(163,'四个人的年龄','在一个旅馆里，四个互不相识的人坐在了一张桌子上，他们互相通报了年龄后发现，四个人的年龄中每三个人年龄的和分别是：84，88，99，110。由此，你能算出他们的年龄分别是多少吗？','他们的年龄是17岁、28岁、39岁和43岁。\\n设四个人年龄从小到大依次是a、b、c、d。\\n',3,2,0,1,NULL,NULL,NULL,0,NULL,NULL,NULL,NULL,NULL,NULL),(164,'糖果的数量','阿姨要给小朋友们分糖果，如果按每个人10个分，最后会缺少2个；如果每个人12个的分，最后刚好分完，但是有一个人会没有糖果。那么，你能算出这些糖果有多少个吗？','48个。\\n设糖果总数为a，人数为x，则\\nlOx-2=a①\\n12x-12=a②\\n②一①得2x-10=0，x=5，代入①得a=48。',3,2,0,0,NULL,NULL,NULL,0,NULL,NULL,NULL,NULL,NULL,NULL),(165,'劳动所得','有一项工作是要由甲、乙、丙三人一起做的，这天甲出差了，所以，他留下了9元钱作为代劳费用。乙在上午做这项工作花了4个小时，丙在下午干这项工作花了5个小时，才把工作做完了。两个人拿了那9元钱去喝酒，正好可以买9瓶啤酒，那么，如果按劳动所得，丙应该喝几瓶酒？','劳动所得\\n丙应该喝6瓶啤酒。\\n按原来三人来完成这项工作，每个人平均要3个小时。甲的这3个小时，是由乙做了1个小时，丙做了2个小时代替的。\\n所以9瓶啤酒，丙应该喝2/3，即6瓶。',3,2,0,0,NULL,NULL,NULL,0,NULL,NULL,NULL,NULL,NULL,NULL),(166,'将军点兵','相传在古代有一个将军带领五百多名士兵攻占了一个小城。为了炫耀军威，他把全体的士兵集合在一起，准备列队在各个街道上游行\\n他先把士兵排成四列纵队，最后剩下一人；他又把士兵排成六列纵队，最后还是也剩下一人；把士兵排成八列纵队，最后还是剩一个人，他感觉很不吉利，于是马上下令撤离了小城。那么，你知道他的士兵人数最多是多少吗？','从题中可以看出，他的士兵的个数是4、6、8的公倍数加1。而4、6、8的最小公倍数是24c所以他的士兵的个数就可能是nx24+1，根据题意，他的士兵有500人以上，所以n的取值最大是24，而他的士兵个数是577。',3,2,0,0,NULL,NULL,NULL,0,NULL,NULL,NULL,NULL,NULL,NULL),(167,'拥抱的人们','实验室中，一群人很久以来为之努力的一项设计终于成功了，他们热血沸腾起来，大家互相拥抱，庆祝这次胜利\\n如果一共拥抱了15次，那么有多少人在场呢？','6个人。\\n因为拥抱是相互的，所以如果单以数学方法计算的话拥抱总数30次才是实际的15次。假设有x人，那么x(x-l)=30，x=6，所以在场有6个人。',3,2,0,0,NULL,NULL,NULL,0,NULL,NULL,NULL,NULL,NULL,NULL),(168,'柚子的价格','有一个水果店里有两种柚子，一种10元2斤，一种10元3斤。这个店每天这两种柚子都可以卖30斤，收入250元\\n因为两种柚子的外表是完全一样的，所以这天老板一不小心把两种柚子混到了一起，每种各30斤，于是他就以20元5斤的价格一起出售这堆混合的柚子\\n但是，到晚上结账的时候，发现只收到240元，而不是250元，那么，那10元钱哪里去了？难道是老板找错钱了吗？','10元两斤的柚子每斤价格是5元，10元三斤的柚子每斤价格是3.33元，它们的平均价格是4.16元，而不是店主想的4元，所以他少收了IO元',3,2,0,0,NULL,NULL,NULL,0,NULL,NULL,NULL,NULL,NULL,NULL),(169,'善良的王奶奶','王奶奶每天上午都要去菜市场买菜，她总是在口袋中放一些硬币，在路上如果遇到了乞丐，就会施舍给他们一些硬币\\n这天，她遇到第一个乞丐时，把身上的一半硬币又加上l枚硬币给了他；当遇到第二个乞丐时，她把身上剩下的硬币的一半外加两个硬币给了他；当遇到第三个乞丐时，她把身上剩下硬币的一半再加上三个硬币给了她。这时，王奶奶的口袋中只剩下1枚硬币了\\n试问，她刚开始口袋中有多少硬币呢？','她原来口袋中有42枚硬币',3,2,0,0,NULL,NULL,NULL,0,NULL,NULL,NULL,NULL,NULL,NULL),(170,'红宝石和蓝宝石','有一个珠宝商人带着59颗宝石旅行，这些宝石是红宝石和蓝宝石。他用袋子装着它们。每9颗红宝石装一个袋子。每4颗蓝宝石装一个袋子。那么，你能算出他有多少颗红宝石吗？','他共有59颗宝石并且按照题目中的装法装满了一些袋子，那么，我们知道59必须是9的倍数加上4的倍数。所以，从59中二直减去4，直到余数是9的倍数。只有27符合，所以他有27颗红宝石。',3,2,0,0,NULL,NULL,NULL,0,NULL,NULL,NULL,NULL,NULL,NULL),(171,'分摊的费用','甲、乙、丙三人合租一辆出租车，同往一方向，事先约定三人分摊车费。甲在全程1/3处下车，乙在全程2/3处下车，丙坐完全程下车。已知车费72元，假设不存在起步价和之后价钱的区别，请问甲、乙、丙三人应各付多少元？','全程是72元，甲在三分之一处下车，当时三人的车费是24元，所以甲只出8元。\\n到三分之二处产生48元车费，减去甲出的8元还有40元，乙出二分之一，也就是20元。\\n到终点丙出72-28=44（元）。',3,2,0,0,NULL,NULL,NULL,0,NULL,NULL,NULL,NULL,NULL,NULL),(172,'树的年龄','小刚7岁的时候开始在自己家前面的山上种橡树，他每隔一年半就种10棵树，他一共种了150棵树便不再种了\\n小刚对妻子说：“这批树中，种得最早的那10棵树的年龄是最后一批树的8倍。”\\n那么，你能算出小刚现在最少有多少岁了吗？','每次种10棵，种150棵需要l5次。15次所需要的时间是22.5年。也就是说最早的那10棵树最少也22.5岁了。因为小刚说种得最早的那10棵的年龄是最后一批树的8倍，所以，最早那10棵树的年龄是24岁，最后一批树的年龄是3岁，所以小刚最少31岁。',3,2,0,0,NULL,NULL,NULL,0,NULL,NULL,NULL,NULL,NULL,NULL),(173,'答对的人数','数学考试卷上有6道大题，50名考生中，答对的共有202人次，其中每个人都至少答对了2道题，答对2道题的有5人，答对3道题和答对5道题的人数一样多，答对4道题的有9人\\n据此，你能算出全部答对的有几个人吗？','全部答对的有6人。\\n如果所有人全部答对，那么应该有300人次，减去答对的202人次，再减去中间答错4道的20人次和答错两道的18人次，还有60人次，他们是答对3道和5道的人所答错的。所以答对3道和5道的人数分别是15人，那么全答对的就是6人。',3,2,0,0,NULL,NULL,NULL,0,NULL,NULL,NULL,NULL,NULL,NULL),(174,'兔子的数量','小兰家养兔子，她经常趴在兔子圈外数兔子，如果知道她家有8只灰兔子和1只黑兔子，另外养的白兔子占兔子总数量的55%。那么，她家养了多少只兔子？','既然白兔子占兔子总数量的55%，那么灰兔子和黑兔子就占了45%。所以9÷0.45=20，她家养了20只兔子。',3,2,0,0,NULL,NULL,NULL,0,NULL,NULL,NULL,NULL,NULL,NULL),(175,'几枚硬币','有五分、二分、一分硬币15枚，共3角5分钱，请你算一下，五分、二分、一分硬币各几枚？','五分硬币4枚，即5*4=20（分）\\n二分硬币4枚，即2*4=8（分）\\n一分硬币7枚，即l*7=7（分）\\n共计l5枚硬币，3角5分钱。',3,2,0,0,NULL,NULL,NULL,0,NULL,NULL,NULL,NULL,NULL,NULL),(176,'小兔采蘑菇','兔子甲和兔子乙去采蘑菇，因为兔子甲多采了一个小时，所以它现有的蘑菇数龟比兔子乙多了26个，如果兔子甲和兔子乙再各采4个蘑菇的话，兔子甲拥有的蘑菇数量将是兔子乙的3倍，那么，它们现在各有多少个蘑菇？','兔子乙现有9个蘑菇，兔子甲现有35个蘑菇。',3,2,0,0,NULL,NULL,NULL,0,NULL,NULL,NULL,NULL,NULL,NULL),(177,'蜜蜂采蜜','有一只小蜜蜂翻过一座大山后发现了一片很大的花园，于是它回去叫了10个蜜蜂，但是等大家到后发现这里的鲜花太多了，于是每只蜜蜂回去又叫了10只蜜蜂；但是它们感觉花朵还是很多，于是每只蜜蜂又回去叫了10只蜜蜂，等大家到后，天色有点晚了，为了可以把所有的花朵一次采完，每只蜜蜂又回去叫了10只蜜蜂，这时正好所有的蜜蜂都出动了。那么，这个蜂场有多少只蜜蜂？','总共有14641只蜜蜂。\\n第一次叫完之后有11只蜜蜂，第二次叫完有IIxl0+11=121只，第三次叫完有121×10+121=1331只，第四次叫完有1331×10+1331=14641只。',3,2,0,0,NULL,NULL,NULL,0,NULL,NULL,NULL,NULL,NULL,NULL),(178,'小华的糖罐','小华有一个装着奶糖的罐子，她很喜欢里面放的奶糖，她每天从中拿出一半，然后再从拿出的这一半中放一个回去，这样拿了20天，糖罐中还剩下2颗糖。你能算出她原来有多少颗奶糖吗？','她只有两颗奶糖。\\n第20次剩了2颗，可以知道在她没有把一颗放进去之前，糖罐里只有1颗糖，而那1颗糖是她取出一半后剩余的一半，所以知道第19次取出糖后糖罐中剩余的糖的个数是2，由此可以推出，她一共只有两颗奶糖。',3,2,0,0,NULL,NULL,NULL,0,NULL,NULL,NULL,NULL,NULL,NULL),(179,'分果汁','有7杯满杯的果汁、7杯半杯的果汁和7个空杯，平均分给3个人，该怎么分？','把4个半杯的果汁倒成2杯满果汁，这样满杯的有9个，半杯的有3个，空杯子有9个，这样3人就可以平均分配了。',3,2,0,0,NULL,NULL,NULL,0,NULL,NULL,NULL,NULL,NULL,NULL),(180,'智装青枣','相传，清朝时有一巡抚奉旨到民间来招选贤才，到考试这天，应试者众多。巡抚命人给每个应试者1000个青枣和10个篮子，并对他们说：“你们把这1000个青枣分别装进这10个篮子中，每个篮子里面可以随便装多少。不过，等你们装好后，我会从l-999的数字中，随便说出一个数字，你们都要整篮子端出符合数字的青枣来，不能临时拆零。”\\n应试人员听了这个题目后，很多人都抓耳挠腮，不知如何下手，只好放弃了。只有一个姓王的秀才很快就把1000个青枣分别装进了10个篮子，并且符合了巡抚的要求，最后，他通过了考试\\n那么，你知道这位王秀才是怎样分装青枣的吗？','王秀才是按照以下的顺序来把1000个青枣装进篮子的：l、2、4、8、16、32、64、128、256、489。',3,2,0,0,NULL,NULL,NULL,0,NULL,NULL,NULL,NULL,NULL,NULL),(181,'组合数字','桌上有2、1、6三张卡片，如何组合，能让组合的数字被43整除？','129（6是可以翻过来用的）。',3,2,0,0,NULL,NULL,NULL,0,NULL,NULL,NULL,NULL,NULL,NULL),(182,'有多少夹心糖','有一堆夹心糖，如果平均分成8份，最后多余2块；如果平均分成9份，最后多余3块；如果平均分成10份，最后多余4块。这堆糖至少有多少块？','本题的数字虽然多些，却很有规律：三次分糖的份数分别是8、9、10，顺次加1；每次余下糖的块数分别是2、3、4，也是顺次加l。\\n由于8-2=9-3=10-4=6，所以问题的条件可以换一种说法：如果平均分成8份，就会有一份缺6块；如果平均分成9份，也会有一份缺6块；如果平均分成10份，还是有一份缺6块。\\n既然每次都缺6块，不妨暂借6块糖来，放进这堆糖里，那么糖的总数就是8的倍数，也是9的倍数，又是10的倍数。\\n8、9、10的最小公倍数是8*9*5=360。\\n因而这堆糖加上6块以后，至少是360块。\\n所以最后得到，这堆糖至少有354块。',3,2,0,0,NULL,NULL,NULL,0,NULL,NULL,NULL,NULL,NULL,NULL),(183,'巨人的环球旅行','一位3米高的巨人，沿赤道环绕地球步行一周。那么他的脚底沿赤道圆周移动了一圈，他的头顶画出了一个比赤道更大的圆。已知地球赤道的半径是6371千米。在这次环球旅行中，这位巨人的头顶比他的脚底多移动了多少千米？','巨人的身高是3米，所以他的头顶走过的圆，半径增加3米。都用千米做长度单位，毕径增加的数量就是0.003千米。\\n取圆周率的近似值为3.14，那么\\n两圆周长的差=3.14x2×(6371+0.003)-3.14*2*6371=3.14*2*0.003=0.01884（千米）=18.84（米）',3,2,0,0,NULL,NULL,NULL,0,NULL,NULL,NULL,NULL,NULL,NULL),(184,'士兵过桥','某部队有士兵692人，每4人一横排，每两排相距1米向前行走，每分钟走86米。现在要通过一条长为86米的桥，请问从第一排上桥到最后一排离桥需要多长时间？','3分钟。\\n692÷4=173（排）。\\n因为每两排之间的距离是1米，所以第一排到排尾的距离是172米。从第一排上桥到最后一排离开桥，实际通过的距离是172+86=258（米）。\\n所以需要的时间是258÷86=3（分钟）。',3,2,0,0,NULL,NULL,NULL,0,NULL,NULL,NULL,NULL,NULL,NULL),(185,'书的价格','俄国著名数学家罗蒙诺索夫向邻居借《数学原理》一书，邻居对他说：“你帮我劈10天柴，我就把书送给你，另外给你20卢布。”结果他只劈了7天柴，邻居把书送给他后，另外付了5卢布。这本书的价格是多少卢布呢？','由题意知，数学家少劈的三天柴相当于20-5=15（卢布）。\\n那么他每天劈柴的价值为5卢布。10天就是50卢布。而邻居给他书后再给他20卢布，说明书的价值是30卢布。',3,2,0,0,NULL,NULL,NULL,0,NULL,NULL,NULL,NULL,NULL,NULL),(186,'昆虫的翅膀和腿','蜻蜓有6条腿，2对翅膀；蜘蛛有8条腿，没有翅膀；蝉有6条腿，1对翅膀。现在有一些蜻蜓、蜘蛛和蝉，已知它们的总数是18只，共有118条腿．20对翅膀。其中每种昆虫各有多少只呢？','蜻蜓有7只，蜘蛛有5只，蝉有6只。\\n蜻蜓和蝉都是6条腿，蜘蛛是8条腿，所以第一步可以分6条腿和8条腿两类考虑。\\n假设18只昆虫都是6条腿的，那么腿的总数是6*18=108（条），实际上有118条腿，相差10条，拿8条腿的换掉一部分6条腿的，那么每换一只就增加2条腿，所以需要换5只。所以有5只蜘蛛。那么蜻蜓和蝉共有13只，要使他们的翅膀共有20对，那么蜻蜓应该有7只，蝉应该有6只。',3,2,0,0,NULL,NULL,NULL,0,NULL,NULL,NULL,NULL,NULL,NULL),(187,'皇上的奖励','明朝时，一位皇上对几位秀才的才华非常赏识，决定给他们一些赏赐。为了让赏赐更有趣味，皇上出了一道题目，让这些秀才猜猜他总共准备了多少宝物。他的题目是：\\n我将宝物放在甲、乙两个箱子里，如果把甲箱中25%的宝物送给第一个算对这个题目的人，把乙箱中20%的宝物送给第二个算对这个题目的人，然后我再从甲箱中拿出5件送给第三个算对这个题目的人，再从乙箱中拿出4件送给第四个算对这个题目的人，最后甲箱中剩下的比分掉的多10件宝物，乙箱中剩下的与分掉的比是2:1，请问我的甲、乙两箱中原来各有多少件宝物？','由题意得，甲箱中的宝物为(5+5+10)÷(1-250-/0-25%)=20÷50%=40（件）。\\n乙箱中的为(4+4+4)÷(1-20%-20%-20%)=12÷40%=30（件）。',3,2,0,0,NULL,NULL,NULL,0,NULL,NULL,NULL,NULL,NULL,NULL),(188,'火星数字','一天，地球人收到了来自火星的几个算式：\\n8*7=8;4*9=39;7-33=-1;51÷2=2;7*7*7=6;3+4*5=34\\n这几道算式都是成立的，所有的运算符号与地球上的相同。数字虽然用0-9，但它们代表的实际数量以及数学排列次序与地球上的不同，例如，地球上的1，在火星上并不代表l\\n火星人还给了地球人一道题日：40+04=?\\n你能算出这道题的答案吗？','在已知条件中，7-33=-1是个关键。\\n一个一位数减去一个两位数差是一个负的一位数，可以肯定这个两位数在10-18（地球数）之间，因为一个一位数减去大于18的差也是负的两位数了，这样可以肯定火星上：的3相当于地球上的1。\\n在算式4*9=39中，表明两个一位数的乘积等于十几，因为3相当于1，其中一个乘数又与成绩的个位数相同，要使等式成立，只有两种可能：9相当于5，4相当于3，或9相当于2，4相当于6。如果是后者，那么在7*7*7*7=6中，比1大的一个数字的6次方仍然是一位数，显然是不可能的，所以，9相当于5，4相当于3。\\n因为一个不等于1的一位数字乘以3次后，仍是一位数，那么这个一位数肯定是2，所以7相当于2，6相当于8。\\n又因为8*7=8，因为7相当于2，所以8相当于0。\\n3+4*5=34，代入3相当于1，4相当于3，可知，5相当于4。\\n51÷2=2，因为5相当于4，从乘除互为逆运算中可知，两个相同一位数的乘积为四十几，那么只能2相当于7，1相当于9，剩下的0相当于6。\\n所以，对应关系如图\\n那么，40+04就相当于36+63=99，在火星上是11。',3,2,0,1,NULL,NULL,NULL,0,NULL,NULL,NULL,NULL,NULL,NULL),(189,'奇妙的数字','一个数字，去掉第一个数字，是13;去掉最后一个数字，是40。请问这个数字是什么？','四十三。去掉“四”为“十三”，去掉“三”为“四十”。',3,2,0,0,NULL,NULL,NULL,0,NULL,NULL,NULL,NULL,NULL,NULL),(190,'列队欢迎','校篮球队比赛凯旋，学校派人在校门口列队欢迎，队伍共有100米，路的两边每隔5米一个人，一共需要多少人','(100÷5+1)x2=42。一共需要42个人。',3,2,0,0,NULL,NULL,NULL,0,NULL,NULL,NULL,NULL,NULL,NULL),(191,'卖不出去的衣服','有一个时尚服装店的店主进了一批服装，在这批衣服流行的时候，它的标价是2000元；过了一段时间，店主减价为800元，但是仍然没有卖出多少；店主又将其标价为320元，但是仍然卖不出去；所以店主又按照他的降价规律把这种衣服降到了更低的价格。而这个价格正好是这种衣服的进价。那么这种衣服的进价是多少元呢？','仔细观察可以发现，店主每次降价后的价格为原价的五分之二，所以进价为128元。',3,2,0,0,NULL,NULL,NULL,0,NULL,NULL,NULL,NULL,NULL,NULL),(192,'电器的价格','小徐在电器行工作，这一段时间MP3很是畅销，有一款MP3他每卖一个就能赚取10%的利润，后来他又进了一批货，这批货的进价比原来的要低10%，他决定以赚20%的利润标价卖，结果他发现售价要比原来的少2.5元\\n那么，他原来的标价是多少元？','他原来的标价是137.5元。',3,2,0,0,NULL,NULL,NULL,0,NULL,NULL,NULL,NULL,NULL,NULL),(193,'携带钢管','铁路系统规定：旅客可以携带长、宽、高都不超过l米的物品上火车。你有一根钢管，它的直径虽然只有2厘米，但是长度却达到了1.7米，是禁止携带的物品，有什么办法使你能够合理合法地携带这根钢管？','找个长、宽、高都是l米的箱子，把钢管斜着放进去。因为边长为1米的正方体的对角线刚好超过1.7米，这样就符合了铁路系统的规定。',3,2,0,0,NULL,NULL,NULL,0,NULL,NULL,NULL,NULL,NULL,NULL),(194,'损失了多少钱','一位商人花70元购进一件衣服，加价12元售出。后来发现购买者支付的那张100元是假钞。现在请你帮那个倒霉的商人算算，他在这件衣服上共损失多少钱？','商人的支出为进货的70元和找给顾客的18元，而收入为0，所以损失了88元。',3,2,0,0,NULL,NULL,NULL,0,NULL,NULL,NULL,NULL,NULL,NULL),(195,'数鸭子','小明假期帮妈妈放鸭子，他数鸭子的方法很特别。他先3只3只地数，结果剩了2只鸭子；他又5只5只地数，结果剩下4只；他再7只7只地数，结果剩下6只。那么你知道他至少放了多少只鸭子吗？','他放的鸭子个数是3、5、7的倍数少l，而3、5、7的最小公倍数是105。所以他放的鸭子最少有104只。',3,2,0,0,NULL,NULL,NULL,0,NULL,NULL,NULL,NULL,NULL,NULL),(196,'巧妙运算','1+0.23+0.34)*(0.23+0.34+0.56)-(1+0.23+0.34+0.56)*(0.23+0.34)=?','根据题中给出的数据，设1+0.23+0.34=a,0.23+0.34=b，那么a-b=l。\\n于是原式变为：\\na*(b+0.56)-(a+0.56)*b\\n=ab+0.56a-ab-0.56b\\n=0.56a-0.56b\\n=0.56*(a-b)\\n=0.56*1\\n=0.56',3,2,0,0,NULL,NULL,NULL,0,NULL,NULL,NULL,NULL,NULL,NULL),(197,'数字换位','有这么一个数字，个位数字为1，将1换到这个数的首位，那么所得的新数正好是原来数字的三分之一，这个数是多少？','因为新数是原来数字的三分之一，也就是原数是新数的三倍，原数的个位是1，3只有在乘以7的时候末尾为l，所以新数的个位（也就是原数的十位）为7；新数的个位就是原数的10位，因为3乘以7在十位上还要加2，所以新数的十位是5，即原数的百位，这样推下去，可得，原数为428571。',3,2,0,0,NULL,NULL,NULL,0,NULL,NULL,NULL,NULL,NULL,NULL),(198,'相遇的船只','每天中午从甲地有一艘轮船驶往乙地，在同一时刻乙地也有一艘轮船驶往甲地。已知横渡甲乙两地之间的海洋一次的时间是七天七夜，轮船匀速航行，在同一航线，轮船近距离可见。请问今天中午从甲地开出的轮船会遇到几艘从乙地来的船\\','15艘。\\n7天前从乙地出发的那艘船是最先与从甲地开出的轮船相遇的，7天后到达乙地时与乙地刚要出发的船只相遇是最后一次，这期间每天都会和一只船只相遇，再加上抵达当天同一时刻出发的船只，所以总共有7+1+7=15艘。',3,2,0,0,NULL,NULL,NULL,0,NULL,NULL,NULL,NULL,NULL,NULL),(199,'21点','在一个小岛上，流行一个游戏，就是两个人在一起报数，每个人每次可以报一个数，也可以报两个数，轮流报下去，谁能说出21谁就是胜利者。比如说，甲可以报1，乙接着可以报2，或者2、3\\n这天，一个数学家来到了这个小岛，他发现有一种方法可以让一个人总赢下去，你能想出这种方法吗？','这个人是第二个报数的人，确切地说，是可以报到3的倍数然后停止的人，假设是第二个人，在第一个人报l时，他报2、3；如果第一个人接着报4、5，那么第二个人就报6；这样一直在3的倍数的那个数后停止，因为21也是3的倍数，所以第二个人报到18停止后，无论第一个人是接着报19或者是19、20，第二个人都可以报出21，取得胜利。',3,2,0,0,NULL,NULL,NULL,0,NULL,NULL,NULL,NULL,NULL,NULL),(200,'小兔子采蘑菇','有三只小白兔一起去采蘑菇，它们采了一天，共获得了770个蘑菇。然后，它们按照每只兔子采摘的速度来分配这些蘑菇，而它们采蘑菇的时候，速度是这样的：当甲采4个蘑菇时，乙采3个；而当甲采6个蘑菇时，丙采7个。那么，它们各应该得到多少蘑菇呢？','它们采蘑菇的速度之比是12:9：14，所以应该把蘑菇分成35份，甲得12/35，即264个；乙得9/35，即198个；丙得14/35，即308个。',3,2,0,0,NULL,NULL,NULL,0,NULL,NULL,NULL,NULL,NULL,NULL),(201,'智难唐伯虎','这一天，唐伯虎闲暇无事，到郊外散步\\n他踏上田埂，只见一位老农夫挑着一担泥迎面走来，唐伯虎想让路，又很为难。原来田埂不宽，两边都是水田，两人僵持不下。于是老农开口说：“我出个对子你来答，答得上，我让路；答不上，你让路。”唐伯虎笑着点了点头。老农开口道：“一担重泥拦子路。”唐伯虎一听，愣了半天，一时答不上来，只得脱鞋下水，为老农让路\\n原来，这是一个隐字对。不知你能不能猜得出老农这个隐字对的意思？','重泥“隐”仲尼（孔夫子），子路是他的学生。老农以老师自居，既讨了便宜，又难住了对方。',1,3,0,0,NULL,NULL,NULL,0,NULL,NULL,NULL,NULL,NULL,NULL),(202,'幽默的父子','有一户姓钟的人家，父子二人说话含蓄幽默，从不开门见山，有事儿就猜谜，其乐无穷\\n新年快到了，父亲高高兴兴地把儿子叫到跟前问：“你想买点什么玩的东西？”儿子出谜说出自己想要的东西：“阶下儿童仰面时，清明装点最适宜，游丝一断身无力，莫向东风怨别离。”\\n父亲听了一笑说：“这个不用买，明天我给你做一个，保证比买的还好看。现在就要过年了，你到街上去帮我买样东西来。”儿子问：“买什么东两？”父亲也用谜语告诉儿子说：“能使妖魔胆尽摧，身如束帛气如雷，一声震得人方恐，回首相看已化灰。”\\n“知道了！”儿子听罢，蹦蹦跳跳上了街，不多一会就买来了父亲需要的东西\\n读者朋友，你知道儿子想玩什么？他的父亲要买什么吗？','儿子想玩风筝，父亲要买爆竹。',1,3,0,0,NULL,NULL,NULL,0,NULL,NULL,NULL,NULL,NULL,NULL),(203,'归来马蹄香','宋徽宗赵佶，酷嗜绘画，善花鸟。在位时广为搜集历代名人书画墨宝，并亲自掌管宣和画院，经常考察宫廷画师的艺术技巧\\n一日，赵估踏春而归，雅兴正浓，便以“踏花归来马蹄香”为题，在御花园举行了一次别开生面的画考。由于花之“香”气难用形象表现于画面，许多画师虽有丹青妙手之誉，却面面相觑，无从下笔。独有一青年画师奇思勃发，欣然运笔，片刻乃成\\n宋徽宗俯身细览，抚掌大赞：“妙！妙！妙！”接着评道，“此画之妙，妙在立意妙而意境深，把无形的花香，有形地跃然于纸上，令人感到香气扑鼻！”\\n众画师一看，莫不惊服，皆自愧不如。结果，这幅笔精墨妙、构思奇巧的丹青妙作被选进内宫装裱镶挂\\n你知道那年轻画师画的是什么？','在春意盎然的郊野，骏马徐行，几双彩蝶追逐于马蹄四周，翩翩起舞。',1,3,0,0,NULL,NULL,NULL,0,NULL,NULL,NULL,NULL,NULL,NULL),(204,'秃头“秀才”与村妇','从前，有个不学无术的秃头阔“秀才”，好在村里人面前舞文弄墨，逢人便胡谄两句“贵人不顶重发，学者不事庄稼”之类的打油诗\\n这一年正月十五元宵灯节，乡亲们聚会在街头赏灯。秃头“秀才”在一个荷花灯前，见邻居李斌之妻正在猜灯谜，便凑上前去没话找话地说：“李嫂，你就好比一首诗。”接着吟道：\\n“此花自古无人栽，\\n一夜风吹满地开\\n看看无根又无叶，\\n不知谁送门上来。” \\n李嫂一听，心想：这秃头“秀才”又在卖弄文墨，想调戏我，实在可恨。于是便开口回敬：“大秀才，你也好比一首诗。”接着吟道：\\n “凤在禾下又飞去，\\n马到芦旁草不生\\n好凤自古桐上站，\\n良马从不磨道行。” \\n在场的人一听，不禁哗然大笑起来。秃头“秀才”心想：她夸我为百鸟之王、千里之驹，人们为何发笑？心里好生纳闷。过了一会儿，他抓了一抓秃头，才恍然大悟：啊！原来她是在骂我呀！\\n读者朋友，秃头秀才诗谜的谜底为一自然物，李嫂诗谜的谜底为两个字，你能分别猜出来吗？','秃头“秀才”的谜底是“雪花”，李嫂的谜底为“秃驴”。',1,3,0,0,NULL,NULL,NULL,0,NULL,NULL,NULL,NULL,NULL,NULL),(205,'才子曾巩','唐宋八大家之一的曾巩，幼时即被左邻右舍称为神童。一日，曾巩的老师带着他去春游，二人沿着蜿蜒曲折的桃花溪漫步在连绵起伏的桃花山中。此情此景，老师兴之所至，捋须吟道：“头上草帽戴，帽下有人在。短刀握在手，但却人人爱。” \\n话音刚落，聪明的曾巩脱口而出一个字，老师笑着点了点头。请问，老师指的是什么字？','花。',1,3,0,0,NULL,NULL,NULL,0,NULL,NULL,NULL,NULL,NULL,NULL),(206,'聪明的书童','明朝著名才子唐伯虎和祝枝山是莫逆之交，常在一起吟诗作对，颇有情趣。一年清明之前，唐伯虎去杭州拜访祝枝山。一见面，唐伯虎就迫不及待地说：“祝兄，我要‘帝有臣无，帅有将无’。”祝枝山笑着说：“是不是‘市有集无，师有徒无’？” \\n说完便叫书童去取，结果书童取来的正是此物\\n你知道唐伯虎要的是什么吗？','巾。',1,3,0,0,NULL,NULL,NULL,0,NULL,NULL,NULL,NULL,NULL,NULL),(207,'包公教子','包公中年得子，夫妻俩对儿子包镱十分疼爱，尤其注重对儿子的教育培养。一日包拯散朝回家，领着包镱在后花园游玩，边走边给儿子讲古代名人的故事：“孔子原是鲁国大贵族手下一名主管仓库的小官吏，每日里在库房，画着记号，监督财物出入。后来，齐景公向孔子请教治理国家的办法，孔子回答：‘理在节财’。”讲到此，包拯编了四句诗谜考儿子：“一宅分成两院，五男二女当家。两家打得乱如麻，打到清明方罢！”并说明：“孔夫子在世之日尚无此物，如今到处可见！”聪颖的包镱并未直接回答父亲的问题，而是吟诗一首作答：“古人留下一座桥，一边多来一边少。少的要比多的多，多的反比少的少。”包公一听，乐得直捋胡须。你知包公父子所吟为何物？','算盘。',1,3,0,0,NULL,NULL,NULL,0,NULL,NULL,NULL,NULL,NULL,NULL),(208,'请帖与回帖','从前，有个吝啬的老财主要办喜事，发了很多请帖，但有一家关系比较近的穷亲戚却让他感到为难：请他来吧，他送不了多少礼，而且要和别的宾客一样喝酒吃饭，请这样的客人实在不合算；不请吧，又怕招来闲言碎语。最后，他终于想出一条妙计，在请帖旁边又加了这样几句话：“若是来，便是贪吃；若是不来，便是不赏脸。” ','回帖上写道：“若是收，便是贪财；若是不收，便是看不起。”',1,3,0,0,NULL,NULL,NULL,0,NULL,NULL,NULL,NULL,NULL,NULL),(209,'生日祝福','小王二十岁生日那天，大清早就收到好朋友小周的来信。他兴冲冲地把信拆开一看，不由得纳闷起来：怎么？信里是一幅画。这幅画画的是：一颗大五角星，星下有个姑娘搀着一个男孩。小王拿着这封奇怪的信端详了许久，才悟出其中的含义，心中暗暗佩服小周的聪明，连忙给好朋友回了信\\n第二天，小周收到了这封回信，原来也是一幅画，画着两盆花朵枯萎的植物。她深思了片刻，忽然会心地笑了，说道：“看不出他也有这一手。”\\n你猜得到这两封信的含义吗？ ','小周的信意思是“生日好”（“星”拆为“生日”，一女加一子为“好”）；小王的信意思是“谢谢”（花枯了代表要谢了）。',1,3,0,0,NULL,NULL,NULL,0,NULL,NULL,NULL,NULL,NULL,NULL),(210,'凶手是谁','从前，有一位美丽的公主突然被人杀死。皇帝闻知，立即召群臣人官，传旨：“朕小女被害，不知凶手何人，哪位爱卿奏知，必有重赏。” \\n当时宰相上前启奏：“万岁，此事小臣略知一二，但不敢直言，臣写四个字，请万岁在每个字上各填一笔，即知凶手。”奏罢，呈上一纸。皇上过目，写的是“菜、如、禾、七”四个字，只是“如”字中的“口”字边不知何故写成了“己”。你知道凶手是准吗？','菊妃杀女。',1,3,0,0,NULL,NULL,NULL,0,NULL,NULL,NULL,NULL,NULL,NULL),(211,'谁比我高','王华是个篮球运动员，身高2.13米。有一天他去参加一场篮球比赛，对方球队里有一个个头2.30米的队员，他过去对那个球员说：“你是我有生以来头一次见到的个子比我高的人，但我一定能打败你的。” \\n那个球员笑笑，对他说：“你说错了，你一定见过很多比你高的人。”你知道他为什么敢这么肯定地说吗？','因为当王华还是孩子的时候，他遇到的大人基本上都比他高。',1,3,0,0,NULL,NULL,NULL,0,NULL,NULL,NULL,NULL,NULL,NULL),(212,'变废为宝','大书法家于右任不轻易给人写条幅，曾有富商向他求过多次，但都遭到了他的拒绝\\n这日，富商求字未得，离去时，突见于右任院中角落处，有一字幅，上写“不可随处小便”，正是于右任的字迹。富商一见，如获至宝，偷偷揭下带回家。他把字幅裁成六块，调整顺序后，找人精心裱糊成条幅，挂在室内奉为座右铭。当有朋友来拜访时，他就让朋友观看此条幅，一时，很多人都知道富商有于右任亲笔写的条幅\\n此事让于右任知道了，觉得很奇怪，就亲自登门拜访，等他看到字幅时，才恍然大悟，并连声叫绝\\n聪明的读者，你知道这条字幅的内容是什么吗？','字幅的内容是：“小处不可随便”。',1,3,0,0,NULL,NULL,NULL,0,NULL,NULL,NULL,NULL,NULL,NULL),(213,'智惩恶霸','唐朝时，卫县大恶霸冯弧倚仗姐夫是朝内的吏部侍郎，无恶不作。一次，他和别人下棋，在输棋后一怒之下，竟砸死了对方。此案经过知县张方审理后写了判处冯弧死刑的案卷，呈报到京城。吏部侍郎把此案接过来，批道“此案不实，请张县令另议”\\n将案卷退回后，吏部侍郎又暗暗给张方写信，说明冯弧是他小舅子，让他从轻处理，将来保举张方晋升高官。张方十分愤慨，又把案卷呈报上去，几日后仍被退回\\n张方知道吏部侍郎有意包庇冯弧，再这样呈报，肯定不会批准。于是他冥思苦想了几天，终于想出了一个办法，使吏部侍郎批准将冯弧斩首\\n试问张方想的是什么办法呢？','张方在案卷上写道：“杀人犯马瓜，无故将人杀死，欲予斩首示众，特报请审批。”吏部侍郎没细看案卷中的内容，就批了“同意处斩”四个字。批文回来后，张方在“马”字前面加两点，在瓜字旁边了加了个“弓”字，就变成了“杀人犯冯弧一了。',1,3,0,0,NULL,NULL,NULL,0,NULL,NULL,NULL,NULL,NULL,NULL),(214,'“天下第一才”','一年，皇帝开科，应试的举子云集京城。开科前，主考的钦差大人先出了四句话的谜题，要考生们应对四个字\\n谜题是：木字多一撇。正字少一画。一点不见。两点全欠\\n题出来后，轰动了整个京城，就连翰林学士也来猜试，却没有一个人答得出来\\n这时，从人群中走出一个眉清目秀的青年，他就是前来应试的举子李瑾\\n只见他一句话也不说，往应试牌前移动了几步，又注视了半晌钦差大人，然后深深鞠了个躬，走下考场\\n人都莫名其妙，唯有主考官连声叫“好”，还亲笔写了“天下第一才”的条幅赠给李瑾。你知道李瑾答的是哪四个字？','移步视钦',1,3,0,0,NULL,NULL,NULL,0,NULL,NULL,NULL,NULL,NULL,NULL),(215,'改联气恶官','从前有户官宦人家，非常刁恶。过年时，为了炫耀他家的权势，就在朱漆大门上贴了一副对联，上联是：“父进士子进士父子皆进士”，下联是：“婆夫人媳夫人婆媳均夫人”。这事让一个穷秀才知道了。一天，他趁夜深人静，拿笔在上联同样的三个字上各描了一笔，在下联里相同的三个词上各添了三笔。经过这样一改，原来对联的意思就完全颠倒了\\n次日清晨，这家官老爷一出门，看见改过的对联，当时就气得昏倒在台阶上\\n请你想一想，穷秀才改了哪几个字？怎样改的？','父进土子进土父子皆进土；婆失夫媳失夫婆媳皆失夫。',1,3,0,0,NULL,NULL,NULL,0,NULL,NULL,NULL,NULL,NULL,NULL),(216,'老中医的迷联','相传某地有一位老中医，文思敏捷且富有幽默感。当年，在药铺开诊之日，他自撰一副楹联，挂在门旁。联日：\\n九死一生救阿斗；\\n昭君出塞落异乡\\n横批是：\\n立起沉疴\\n众人看了，均不解其意\\n原来，这是一副谜联。联中的“九死一生”、“阿斗”、“昭君出塞”、“异乡”各暗喻一味中药名，横批“立起沉疴”暗喻汉代一古人名\\n亲爱的读者，请你动动脑筋猜一猜，这副楹联和横批中暗喻的是哪四味中药名和哪一位古人名？','四昧中药名是“独活、使君子、王不留行、生地”；古人名是“霍去病”。',1,3,0,0,NULL,NULL,NULL,0,NULL,NULL,NULL,NULL,NULL,NULL),(217,'何武断剑','西汉时候，沛郡有一位富翁，家产万贯。他有一个男孩才三岁，母亲去世了，又没有其他亲属，还有一个大女儿，不怎么贤惠。富翁病危时，恐怕女儿争夺财产，儿子保不住性命。于是召唤族人在一起，写了遗书，把全部家产交给了女儿，只留下一把宝剑，说等儿子长到十五岁时再给他。儿子长到十五岁了，但女儿却不肯给他宝剑，于是儿子到郡府去中诉\\n申诉多年，历任郡府太守竟然不解富翁交剑于儿之意。后来司空何武当了太守，听了富翁儿子的陈述，又询问了他女儿和女婿，审阅了遗书，称赞富翁宏大深远的谋虑，说：“这个谜我可猜透了。”于是判决全部财产归儿子所有。大家都觉得何武分析正确，处理得当，令人信服\\n你知道富翁留剑于儿是什么意思吗？','古时剑之意为“判决”。富翁的意思是要等儿子十五岁开始懂事时，把剑给他，也就是把家产给儿子。',1,3,0,0,NULL,NULL,NULL,0,NULL,NULL,NULL,NULL,NULL,NULL),(218,'会做诗的厨师','有位厨师精通诗词，他做的每道菜，都能对应一句优美的诗句。一位秀才故意出个难题，给厨师两个鸡蛋，要他办成一桌酒席，并且每道菜要表示一句古诗。厨师欣然接受，做了四道菜。第一道菜是两个炖蛋黄，几根青菜丝；第二道菜，把熟蛋白切成小块，排成一个队形，下面铺了一张青菜叶子；第三道菜，清炒蛋白一撮；第四道菜，一碗清汤，上面浮着四个蛋壳。秀才见了，深表佩服\\n你知道这四道菜代表了哪四句诗？','两个黄鹂鸣翠柳，一行白鹭上青天。窗含西岭千秋雪，门泊东吴万里船。',1,3,0,0,NULL,NULL,NULL,0,NULL,NULL,NULL,NULL,NULL,NULL),(219,'樵夫巧对石匠','从前有位老石匠，每当修完一座桥时，都要写出一上联，请过桥人对下联\\n有一次，他又修完一座桥，准备出个上联，向过桥人求对。这时，一个秀才走过来对石匠说：“你一个石匠，也敢舞文弄墨？” \\n石匠笑答：“岂敢，岂敢！老汉不过是忙中取乐，图个高兴罢了！” \\n秀才说：“既然如此，你就出上联吧！” \\n石匠顺口说出上联：“开大山砌小石修拱桥铺平路通南通北。” \\n这上联中，有“大小”、“拱平”、“南北”三对反义词，秀才听后，搔首挠腮，苦思冥想，半天也想不出下联。突然，从围观的人群中出来一个扛竹子的樵夫对秀才说：“你对不上，我来试试。” \\n说罢，张口念出下联。围观的人听了，都赞不绝口。老石匠上前对樵夫说：“老哥，还是你行！” \\n亲爱的读者，你能猜出樵夫答的下联吗？\\n','樵夫的下联是“砍长竹划短篾挽圆圈箍扁桶装东装西”。',1,3,0,0,NULL,NULL,NULL,0,NULL,NULL,NULL,NULL,NULL,NULL),(220,'巧撵秦桧','相传宋朝年间，韩世忠、梁红玉在黄天荡驻守\\n秦桧不时窜到梁府挑拨韩岳两家关系，韩、梁二将愤怒已极，但又不便直说。一天傍晚，韩、梁二将在一起下棋，边论军事，秦桧躲在一旁偷听\\n这时，韩世忠自言自语地说：“兖洲无儿去，下着无头衣，泪水一边流。” \\n说到这里，梁红玉接了下句：“虫子钻进布匹里。” \\n秦桧听了，灰溜溜地走了。请你说说韩梁是怎样巧撵秦桧的？\\n','两句话各打一字，合起来就是“滚蛋”。',1,3,0,0,NULL,NULL,NULL,0,NULL,NULL,NULL,NULL,NULL,NULL),(221,'“看家虎”','相传某年元宵节，开封城百城书店门口谜灯上悬有一“尔”字，射《三字经》句二，谜条注明：“中者以狐腿皮裘一件相赠。”有位常猜谜的老学究见后笑着说：“此乃店老板之‘看家虎’也，恐无人能射。” \\n有位研究谜道多年的落魄举人说：“不见得。”说罢返身而去。那举人回屋，连续三夜对灯苦思，不时查对典籍，仍不得其解。你能猜出这谜底吗？','“尔”为《孟子》第七篇最末尾一个字，影射《三字经》“孟子者，七篇止”。',1,3,0,0,NULL,NULL,NULL,0,NULL,NULL,NULL,NULL,NULL,NULL),(222,'杜牧迷联答杏云','杜牧是晚唐著名文学家。相传他在会昌初年任池州（今安徽贵池）刺史期间，经常于公余之暇，换上便服去杏花村酒肆饮酒赋诗。杏花村有一家小酒店，店内有一位年方十六岁的姑娘，名叫杏云。她父母早故，与年迈的祖父相依为命。杏云虽没正式入馆读书，但是聪明好学，诗词歌赋样样都行，尤善属对。因而招徕不少文人雅士，酒店生意相当不错\\n杜牧闻之，有意造访。一日，他带着书童漫步到杏云酒店。酒足饭饱，一番切磋之后，杜牧和书童抽身欲走，杏云上前拦住了他们：“承蒙指教，请问先生尊姓大名？”杜牧稍微一顿，口吟一联：\\n“半边林靠半坡地，\\n一头牛同一卷文。” \\n杏云细一琢磨，原来他是刺史杜牧大人！连忙双膝跪地：“刺史大人，民女有眼不识泰山，冒犯，冒犯！请恕罪，请恕罪！” \\n杜牧随手扶起杏云，低声劝慰几句，生怕更多酒客识破，便和书童匆匆离去。杏云姑娘紧紧追送，送至很远才被杜牧劝止。杏云正要转身，书童忽然想起还没问姑娘姓什么，便道：“姑娘，慢走！你姓什么？我和大人还不知道哩！” \\n杏云答日：“民女的名和姓都在酒店正面那副对联上。”其对联云：\\n但凭水流浇红杏，\\n借助火光烧彩云\\n书童琢磨一番，名字“杏云”嵌在联尾，一看便知，而这姓呢？一时不解，便询问杜牧。杜牧如此这般一讲，书童恍然大悟，道出了杏云姑娘的姓氏。杏云羞涩一笑，转身辞别飞步回店，如同彩云飘去\\n亲爱的读者，请你猜一猜，杏云姑娘姓什么？\\n','杏云姑娘姓“尧”。',1,3,0,0,NULL,NULL,NULL,0,NULL,NULL,NULL,NULL,NULL,NULL),(223,'互通姓名','从前，有两个素不相识的书生在花园里游玩，一个是高个子，一个是矮个子，他俩在一个亭子里相遇。高个子问：“客生贵姓？”矮个子回答：“夏商之时夜间光。”说罢也问高个子道：“客生贵姓？”高个子说：“颠来倒去都是头。”两个书生会意，笑着互相施礼，在石凳上坐下后，高个子又问：“客生大名是什么？”矮个子说：“小生名叫老牛过板桥。您的大名呢？”高个子说：“小生名叫大河失滔滔。”双方互通了姓名，开始交谈起来，情投意合，成了好朋友\\n请猜猜两人的姓名\\n','矮个子胡生，高个子王可．',1,3,0,0,NULL,NULL,NULL,0,NULL,NULL,NULL,NULL,NULL,NULL),(224,'“丘书柜”','明朝时，广东有位书生叫丘浚，因博览群书，记忆力又极强，读书过目不忘，被人誉为“丘书柜”\\n这年，丘浚前往州府参加三年一次的科举考试，途中在一家旅店投宿。店主有个聪慧的小女名叫鹧鸪，笑着对匠浚说：“秀才，人都说你解诗破谜胜烘炉点雪，今天我出个字谜儿试试你！”说罢娇声吟道，“二人并坐，坐到二鼓三鼓，一畏猫儿一畏虎。” \\n丘浚听罢，稍思沉吟：“二人并坐，是两个字合为一。畏猫者，鱼也；畏虎者，羊也。”想到此，书生矜持一笑，拱手答道：“敬禀店姐，小生猜中了，是个‘鲜’字！” \\n “不对。”鹧鸪嫣然一笑，“你再猜猜。” \\n丘浚听说未射中，不觉一怔，顿时面红耳赤。他急速变换思路，苦思冥想：“这二鼓乃亥时，三鼓乃子时。亥时生者肖猪，猪亦畏虎；子时生者肖鼠，鼠亦畏猫。”想到此，书生不由得拍案叫绝，笑道：“这回我定猜着了!”说罢道出了谜底\\n鹧鸪一听，抚掌称赞：“真不愧是‘丘书柜’！” \\n读者朋友，你知道这谜底是个什么字吗？\\n','孩',1,3,0,0,NULL,NULL,NULL,0,NULL,NULL,NULL,NULL,NULL,NULL),(225,'回文绝对','从前有位秀才游览桂林斗鸡山，他在山上纵目观望，觉得景色处处怡人，连山名也觉得新奇。他一面游览，一面念念有词，不知不觉地吟成一句上联：“斗鸡山上山鸡斗。” \\n这句上联巧妙的是，从上读到下，或由下读向上，皆成回文句。但是，吟出上联后，他怎么也对不出下联来。正当他苦思冥想之际，前头忽然来了一位白发老翁。秀才定眼一看，来者正是他的启蒙老师，因此非常高兴。师生二人叙礼后，秀才说出内心苦衷\\n老师对他说：“我刚才游完龙隐洞，你何不以此为下联呢！”接着，老师道出了下联\\n秀才听后，兴奋地说：“此乃天赐绝对啊！” \\n亲爱的读者，你知道老师的下联是什么吗？\\n','老师的下联是“龙隐洞中洞隐龙”。',1,3,0,0,NULL,NULL,NULL,0,NULL,NULL,NULL,NULL,NULL,NULL),(226,'聪明的秀才','从前，汴梁城内有位雅士，不仅才艺纵横，且善构奇谜，难倒他人\\n一天，他又匠心独运，用美玉雕了尊身高一寸的两施塑像为谜面，在街头悬召征射，并当众许诺：“哪位才子倘能猜出谜底，愿以这小巧玲珑之玉美人酬赠。” \\n','一寸佳人为“夺”字。',1,3,0,0,NULL,NULL,NULL,0,NULL,NULL,NULL,NULL,NULL,NULL),(227,'“新年快乐”成语方阵','在下面的空格内填上适当的字，使其横读每组成为两条成语\\n',NULL,1,3,1,1,NULL,NULL,NULL,0,NULL,NULL,NULL,NULL,NULL,NULL),(228,'秦观与苏轼游江','北宋词人秦观，字少游，是苏东坡的好友，他俩常在一起吟诗诵文，共取其乐\\n一天，秦少游和苏东坡二人乘船漫游。秦少游忽见江岸上有个醉汉，骑着小毛驴东倒西歪地行走，不禁出一上联相戏：“醉汉骑驴，步步点头算酒账。” \\n秦少游要求苏东坡及时对出下联。苏东坡一时倒被秦少游难住了。但是，苏东坡不愧为学富五车的才子，他正在思考之时，忽见船尾艄公一仰一俯在摇橹，即刻对出了下联\\n秦少游和艄公听了，连连拍手称绝\\n亲爱的读者，你知道苏东坡的下联是什么吗？','苏东坡的下联为“艄公摇橹，深深作揖讨船钱”。',1,3,0,0,NULL,NULL,NULL,0,NULL,NULL,NULL,NULL,NULL,NULL),(229,'白居易送衣食','唐朝长庆二年（公元822年），冬雪纷飞，覆盖江南。这时，年已半百的白居易，到杭州担任刺史才一个月。他听说自己手下的两名武官被狂风大雪封锁在城外山寺中受冻挨饿，心里很是惭愧不安，立即叫人准备了两件大衣和酒饭，又赶回官邸从自家书房取出一盒精致之物，幽默地附了首小诗：\\n “两国打仗，兵强马壮。马不吃草，兵不征粮。”派人冒雪送往古刹，二武官一见大喜，穿上厚厚的棉大衣，边吃边乐呵呵地摆开阵势，相互“斗”了起来\\n你可知道他们在干什么？','他们在下象棋。',1,3,0,0,NULL,NULL,NULL,0,NULL,NULL,NULL,NULL,NULL,NULL),(230,'李时珍戏官','明代医药家李时珍曾任四川蓬溪知县，后因继承父志编修《本草纲目》，决意辞官回乡\\n离职前，接任的县官为李时珍饯行。席间，那新官求道：“素闻李公医道高明，可否为下官开贴滋补单方？” \\n李时珍早闻此人是个“酒、色、财、气”四大全的昏官，于是佯装允诺，取过文房四宝，开了一剂药：柏子仁三钱，木瓜二钱，官桂三钱，柴胡三钱，益智二钱，附子三钱，八角二钱，人参一钱，台乌三钱，上党三钱，山药二钱。写毕，李时珍扬长而去\\n第二天，那昏官将单方交于师爷去抓药。师爷细细一看，忙说：“大人给他骂了！”接着道出了其中奥秘。那昏官一听，气得直拍桌子\\n你知道这药方中骂了句什么话吗？','柏木棺材一副，八人抬上山。',1,3,0,0,NULL,NULL,NULL,0,NULL,NULL,NULL,NULL,NULL,NULL),(231,'一个比一个强','从前有位商人，常年在外做生意\\n一年除夕，商人回家与家人团聚。他想考考三个儿子的学问和才智，便唤他们围火而坐，叫老伴托出一盘瓜子，然后命每个儿子赋诗文一句，要求句中有人、有事、有数，并按句中数字酬赏瓜子。长子抢先吟道：“甘罗十二为丞相。”父亲点点头，要老伴数十二粒瓜子给儿子\\n次子脱口而出：“太公八十遇文王！”商贾微微一笑，又叫老伴数八十粒瓜子给次子\\n幼子天资聪慧，多读古书，他眼珠转了转，转身将全盘瓜子捧人怀中，然后高声吟哦一句。商人一听，高兴地说：“一个比一个强。好，好！” \\n你知道幼子吟哦了一句什么吗？','曹操八十三万人马下江南。',2,3,0,0,NULL,NULL,NULL,0,NULL,NULL,NULL,NULL,NULL,NULL),(232,'农夫与秀才','从前，有位秀才赴京赶考，眼看日沉西山，便急忙赶到一个村庄借宿。他看到有位年逾花甲的农夫正在院内劈柴，便上前施礼，对农夫说明来意。农大将秀才上下打量了一番，然后开口笑着说：“夜宿可以，不过有个条件，我出一上联，请你对出下联。对得出留你住宿，对不出，只好请你另找别处。” \\n秀才心想，对个下联，有何难！于是说：“请老伯出联吧！” \\n农夫随口吟道：“冻雨洒窗，东二点，西三点。” \\n这是一个富有诗意的双关拆字联。秀才不解，顿时难住了，苦思冥想对不出下联。正在发呆之时，无意中发现房内有几位客人正在切西瓜吃，恍然醒悟，拍手笑道：“有了！”接着吟出了下联\\n农夫听了，连声赞绝，忙请秀才进入屋里\\n亲爱的读者，你知道秀才的下联是什么？\\n','秀才的下联为“切瓜分客，上七刀，下八刀”',2,3,0,0,NULL,NULL,NULL,0,NULL,NULL,NULL,NULL,NULL,NULL),(233,'难倒孔子的题','孔子周游列国来到燕国，进城门不多远，见一少年拦住马车说：“我叫项方。听说孔老先生很有学问，特拦路求教。”孔子笑着说：“小孩儿，你遇到什么难题啦？”项方回道：“什么水没有鱼？什么火没有烟？什么树没有叶？什么花没有枝？”孔子说：“江河湖海，什么水里都有鱼；不管柴草灯烛，什么火都有烟；至于植物，没有叶不能成树，没有枝难以开花。”项方晃着脑袋直喊：“不对！”接着说出四物，孔夫子一听，感慨地说：“后生可畏啊！”\\n你知道项方说的是哪四物吗？','井水没有鱼，萤火没有烟，枯枝没有叶，雪花没有枝。',2,3,0,0,NULL,NULL,NULL,0,NULL,NULL,NULL,NULL,NULL,NULL),(234,'姓什么','大道上驶来一辆两匹马拉的大车，车上坐着一个钓鱼的人，一个挎着弓的人。驾车的人问：“您二位贵姓？”钓鱼的人抓起一条大鱼，对着夕阳高高举起，说：“我就姓这个！”另一人把肩上的大弓使劲儿拉开说：“我姓这个！”他俩又问驾车的人怎么称呼，驾车人笑嘻嘻地指着前面两匹马说：“喏，那就是！” \\n请你猜猜，他们三个人各姓什么？','钓鱼的姓鲁，挎着弓的姓张，驾车人姓冯。',2,3,0,0,NULL,NULL,NULL,0,NULL,NULL,NULL,NULL,NULL,NULL),(235,'秀才借驴','从前有位连试落第的秀才，生活十分清苦。一日，一位少时同窗完婚，托人稍来四句诗：“白西走到东连停，娥眉月上挂三星。三人同骑无角牛，口上三划一点青。”布衣秀才见是“一心奉请”四字，忙说：“盛情难却，非去不可。”于是到邻居钱子敬家去借驴\\n钱子敬见秀才来借驴，取过笔墨，在纸上写道：“正月初二，初三，初四，初五……三十。”写毕搁笔，给了秀才\\n秀才一愣，接过纸条一看，拱手称谢，说：“多蒙相助，明早我就来。”说罢高高兴兴地出了钱家大门。你知道这究竟是怎么回事吗？','那段文字的意思是“正月没初一”，即为“肯”字。',2,3,0,0,NULL,NULL,NULL,0,NULL,NULL,NULL,NULL,NULL,NULL),(236,'王羲之的三副春联','王羲之是我国晋代著名书法大师，不仅书法艺压群芳，而且诗文也盖世无双。传说有一年正值岁末，适逢王羲之乔迁新居，他心情非常好，便挥毫写下这样一副春联：\\n春风春雨春色，\\n新年新岁新景\\n这副春联贴在大门上不久，就被人悄悄揭去了。王羲之见状，付之一笑，又写了一副春联：\\n莺啼北里，\\n燕语南邻\\n谁知这副春联贴在门上没多时，又被人偷偷揭去了。到，除夕之夜，王夫人急得团团转，催王羲之赶快再写一副。王羲之沉思片刻，不慌不忙的拿来文房四宝，再写了一副春联：\\n福无双至，\\n祸不单行\\n这副春联太不吉利，也就无人来揭了。大年初一凌晨，幽默的王羲之又在上、下联的后半部各加写了三个字，全联方显出真面目。拜年的人看到这副有趣的春联，无不拍手称妙\\n亲爱的读者，你知道王羲之在上、下联的后半部各添了三个什么字吗?\\n','王羲之在上联后半部添了“今朝至”三个字，在下联后半部添了“昨夜行”三个字。',2,3,0,0,NULL,NULL,NULL,0,NULL,NULL,NULL,NULL,NULL,NULL),(237,'拍错马屁的县令','从前有位七品县令，大年初一上街看春联，忽见一户人家门上贴的春联与众不同，只见那上联是：数一道二门户；下联：惊天动地人家；横额：先斩后奏。县官心想：此户如此气魄，定是朝廷大官，于是赶紧备了一份厚礼，叩门拜访\\n县官问主人：“贵府哪位大人在京都奉职？”主人一听，莫名其妙，自称兄弟三人皆是穷苦小民。县官一愣，忙问：“那门口贴的对联？” \\n主人答道：“啊，原来如此。”他接着解释说：“要说那副对联，倒是一点不假。”于是将自己三兄弟的职业陈述了一番\\n县官听后，方知自己拍错马屁，只好丢下礼物，扫兴而去。你能猜出这平民三兄弟各是什么职业吗？\\n一天，一个书生经过一座山脚下时，见有一位妇女坐在一座坟前哭泣\\n书生便走上前去问道：“你哭的是谁？” \\n那妇女一边揩泪，一边答道：“我爹叫他爹小女婿，他爹的岳母叫他好外孙。” \\n书生说：“哦，他外婆是你外婆的女儿，你外婆是他外婆的亲娘。是吗？” \\n妇女听了，连连点头称是\\n聪明的读者，请你猜猜看，这位妇女哭的究竟是谁？\\n','主人介绍道：“三弟是卖烧饼的，烧饼要一个一个数给顾客，故日‘数一道二’：二弟是做爆竹的，放起炮来‘惊天动地’；老大是个屠夫，杀猪不用衙门核准，所以叫‘先斩后奏’。”',2,3,0,0,NULL,NULL,NULL,0,NULL,NULL,NULL,NULL,NULL,NULL),(238,'哭的是谁','一天，一个书生经过一座山脚下时，见有一位妇女坐在一座坟前哭泣\\n书生便走上前去问道：“你哭的是谁？” \\n那妇女一边揩泪，一边答道：“我爹叫他爹小女婿，他爹的岳母叫他好外孙。” \\n书生说：“哦，他外婆是你外婆的女儿，你外婆是他外婆的亲娘。是吗？” \\n妇女听了，连连点头称是\\n聪明的读者，请你猜猜看，这位妇女哭的究竟是谁？\\n','哭的是她的儿子。',2,3,0,0,NULL,NULL,NULL,0,NULL,NULL,NULL,NULL,NULL,NULL),(239,'伊索指路','在古希腊有个很聪明的人，他的名字叫伊索\\n一天，伊索在乡间散步，一个过路人问他：“好心人，您能告诉我多长时间才能到达城里吗？” \\n伊索回答说：“走。”\\n那过路人说：“我知道我必须走，但是我想知道需要多少时辰才能到达城里。” \\n伊索提高嗓门，说：“走！”那个过路人听了非常生气，心想：这个人可能是一个疯子，我得快点走开。于是飞快地朝前走去。突然，他听见伊索在后面喊道：“你两个小时就能到达城里了。” \\n那个过路人听了十分惊奇，转身向伊索为什么不早一点告诉他。亲爱的读者，你能回答出伊索开始为什么不告诉过路人时间的原因吗？\\n','因为过路人不走，伊索是不知道他走路的速度的，所以两次叫过路人走。这就是伊索开始没告诉过路人到城里需走多少时间的原因。',2,3,0,0,NULL,NULL,NULL,0,NULL,NULL,NULL,NULL,NULL,NULL),(240,'郑板桥济贫','清代，以诗、书、画著称的郑板桥，早年在扬州活动。虽说他家中并不富裕，却常常拿卖画得来的钱周济那些贫寒的百姓\\n一次，郑板桥去扬州南门外的文峰塔去游玩。走到南门街，看见一户人家贴了一副蹊跷的对联。上联写着“二三四五”，下联写着“六七八九”。郑板桥皱眉一想，急忙返回家去，从家里拿着东西，进了贴对联的这家。这家主人一看，郑板桥送来的东西，正是自己需要的，非常感激，并问道：“您怎么知道……”郑板桥说：“我一看门上的对联心里就明白了。” \\n聪明的朋友，你知道对联上写的是什么意思吗？','缺衣（一）少食（十）。',2,3,0,0,NULL,NULL,NULL,0,NULL,NULL,NULL,NULL,NULL,NULL),(241,'县太爷的谜语','从前有一位农夫，娶了一个聪明能干的妻子。小两口男耕女织，勤俭持家，过着丰衣足食的日子\\n一天农闲，农夫坐在大门旁，边搓绳子边晒太阳。他想，由于自己和贤妻幸福过着日子，如今不欠债，不受饥，什么事也不用求人了。一时高兴，顺手捡起一块黄泥，在大门上写了“万事不求人”五个大字\\n一天，县太爷乘轿路过此地时，看见这五个赫然醒目的大字，冷笑着说：\\n“一个穷百姓竟敢说如此大话，让我来教训教训他！”于是命人将农夫召到轿前，大声喝道：“想必你有大本领，才敢夸此海口。那好，明天给我送样东西到衙门来！” \\n农夫忙问：“大人要何物？”\\n那县太爷捋着山羊胡子冷冷地说：“你竖起耳朵听着！”接着念了下面四句诗：\\n“高山上面叠高山，\\n高山下面毛竹滩\\n毛竹滩上滚龙潭，\\n滚龙潭下火焰山。”\\n吟完，县太爷乘着四人抬轿晃晃悠悠而去\\n农夫回家把此事告诉了妻子，妻子略一思索，对丈夫说：“这难不倒我们，明早准能办到！”\\n于是，夫妻俩晚上忙了几个时辰，第二天一大早就把东西送到了县衙\\n县太爷一看，暗暗称赞道：“果然聪明有本领。”\\n读者朋友，你猜县太爷要的是何物？\\n','县太爷的四句诗暗喻的是“蒸馒头”。',2,3,0,0,NULL,NULL,NULL,0,NULL,NULL,NULL,NULL,NULL,NULL),(242,'王安石的诗谜','王安石访友，作诗曰：“两个伙计，同眠同起。亲朋聚会，谁见谁喜。”\\n王安石又访友，作诗曰：“两个伙计，为人正直。贪馋-生，利不归己。” \\n王安石复又访友，作诗日：“两个伙计，终身孤凄。走遍天涯，无有妻室。” \\n王安石三首诗隐射同一物，聪明的读者，你能猜中吗？','筷子。',2,3,0,0,NULL,NULL,NULL,0,NULL,NULL,NULL,NULL,NULL,NULL),(243,'汤显祖猜谜','相传，汤显祖在一次面对考官张岳的时候，张岳说：“汤公子，本官今日饶有雅兴，出个字谜考考你。”\\n接着，他摇头晃脑吟了几句诗：“半边大，半边小，\\n半边跑，半边跳\\n半边奔驰疆场上，\\n半边偷偷把人咬。”\\n汤显祖文思敏捷，听罢，随手翻开爱国诗人屈原的著作，指着一首名诗的题目说：“老师，字谜便在其中。”\\n张岳注目一看，抚掌大赞：“真不愧是才子！”\\n读者朋友，你知道这是个什么字吗？\\n','是《离骚》的“骚”字。',2,3,0,0,NULL,NULL,NULL,0,NULL,NULL,NULL,NULL,NULL,NULL),(244,'王冕画画','元朝王冕幼年家里贫穷，十岁时母亲含泪送他到本村一家地主家去放牛。王冕聪明伶俐，特别喜欢学画，经常是一边放牛一边用树枝在沙地上画荷花、画青蛙、画小鸟\\n一天，地主外出散步，忽然发现了王冕在画画，他老鼠眼一转，阴阳怪气地说：“你给我马上画件东西，画不出来就别想吃饭啦！”接着便摇头晃脑地念起来：“小小一条龙，须长背义弓，生前没有血，死后浑身红。” \\n但是，王冕并没有被地主吓倒，他立即把这东西给画了出来。聪明的读者，你知道王冕画的是什么吗？','虾。',2,3,0,0,NULL,NULL,NULL,0,NULL,NULL,NULL,NULL,NULL,NULL),(245,'刘伯温的画谏','朱元璋登基不久，准备封赏立下汗马功劳的文臣武将和自己的亲戚朋友，可是他想了想倒是有点为难：功臣有数，而沾亲带故的七亲六戚却多如牛毛，要是每个人都封他个官职，不就成了无功受禄、滥竽充数吗？要是不封亲戚朋友为官，人家背后又会说三道四，讲朱元璋当了皇帝便六亲不认，再说面子上也过意不去。为此，明太祖举棋不定，闷闷不乐。军师刘伯温深知明太祖的矛盾心情，又不便直言进谏，于是画了一个身材魁梧的大丈夫，头上竖着一束束乱得如麻的头发，每束头发上都顶着一顶小帽子。画毕，敬献给明太祖朱元璋\\n朱元璋细细观赏，百思不解画中含意。想了一夜，终于恍然大悟\\n次日一早，明太祖召见刘伯温，笑道：“爱卿此画进谏得好，朕即采纳。”\\n从此，朱元璋只封有功之臣，不再封亲戚朋友为官了。你知道刘伯温那幅画的奥妙所在吗？','刘伯温那幅画寓意：冠（官）多发（法）乱。',2,3,0,0,NULL,NULL,NULL,0,NULL,NULL,NULL,NULL,NULL,NULL),(246,'和尚讥狂士','唐朝末年有一个狂士，自以为精通庾辞隐语，因而便号称天下第一。为了使自己名扬天下，狂士决定设一谜坛，并高悬一副对联：破谜世间无对手，射虎天下我为魁\\n正巧有一个云游的和尚路过此地，见到这副对联不禁嗤之以鼻，自言自语地说：“好大的牛皮。”和尚的话正巧被狂士的手下人听见，立即禀告给狂士。狂士立即找到和尚说：“你若不服，可以一试。”和尚双手合十念了声“阿弥陀佛”之后，口出四句，每句各打一个字谜：\\n百里千军斩白旗，\\n天子门下无人去\\n秦皇杀了余元帅，\\n骂得将军没马骑\\n那狂士想了半天也没猜出，在围观的众人哄笑中扯下对联狼狈而去\\n聪明的读者，你知道谜底吗？\\n','一、二、三、四。',2,3,0,0,NULL,NULL,NULL,0,NULL,NULL,NULL,NULL,NULL,NULL),(247,'汪洙拜师','相传，宋朝浙江鄞县人汪洙，少年时天资聪颖，九岁时就能吟诗答对，常为乡邻写春联。他父亲十分高兴，望子成龙，不惜重金，从外乡请来一位很有名望的教书先生，专门给汪洙上课。这位先生只图温饱，并不计较报酬多少，但有个条件，一定要先试试学生，看看他是不是可造之材\\n这天，汪家为先生设宴，请来当地有学问的人来作陪。酒过三巡之后。撤了酒席，换上茶点，客堂上众人谈古论今，都等着先生开口试徒\\n此时，正是深秋时节。忽然一阵狂风将门前树枝刮断，树上的一个鸟窝也被吹落了，几只小鸟吓得在地上啾啾乱作一团。先生见景生情，随口出一上联：\\n“风坠雀巢，二三子连棵及地。”\\n这是即兴之作，汪洙一时无从对起。他顺着落枝看去，发现落下的树枝把鸡窝砸塌了一角，公鸡看见月光，以为天已破晓，便拍打着翅膀，喔喔地叫了起来。汪洙顿时有了灵感，向先生深鞠一躬，不慌不忙地对出下联：\\n“月穿鸡屋，四五声金膀啼鸣。”\\n先生听罢，不由得拍案叫绝，不但赞赏汪洙的机敏，更赞扬他的抱负，当即表示要留下来。小汪洙非常聪明，马上给先生叩了一个头，说道：“先生在上，容学生一拜。”\\n汪洙拜师后，更加勤奋学习。后来，果然中了进士，官至观文殿大学士\\n亲爱的读者，请你想一想，先生出的上联与汪洙对的下联各是什么意思？\\n','先生的上联，后四个字是谐音，说他希望汪洙“连科及第”，顺利通过层层科举而考中进士。汪洙的下联，后四个字也是谐音，表示他一定不辜负的教导，做到“金榜题名”。',2,3,0,0,NULL,NULL,NULL,0,NULL,NULL,NULL,NULL,NULL,NULL),(248,'蒲松龄请辞','蒲松龄学识渊博，但屡试不第。一位财主望子成龙，慕名请蒲松龄去当老师。不到三个月，蒲松龄便要告辞。财主问：“吾儿文章如何？”蒲松龄回答：“高山响鼓，闻声百里。”财主又问：“吾儿在易、礼、诗诸方面不知长进如何？”蒲松龄答道：“八窍已通七窍。”说罢便启程返家。财主赶去衙门，将这喜讯告诉当师爷的胞弟。师爷说：“大哥，你让那教书匠戏弄了。”那么，你知道蒲松龄的话是何含意吗？','不通不通，一窍不通。',2,3,0,0,NULL,NULL,NULL,0,NULL,NULL,NULL,NULL,NULL,NULL),(249,'小和尚解谜','隋唐时期，长安城有座佛寺，寺里有个不被人注目的小和尚。他酷爱读书，喜欢做文字游戏，可是在这些烧香念佛的僧人群中，小和尚的才华一直没有显露的机会\\n一天，有位远方来客求见方丈，打算把朝廷将要派兵火烧佛寺的消息告诉他。可是，他卜门多次，均被守门的武僧拒之门外。这位客人十分恼怒，便在寺门上题道：\\n龛龙去东海，\\n时日隐西斜\\n敬文今不在，\\n碎石人流沙\\n和尚们看了都不明白写的是什么意思。这个小和尚看后，对众和尚说：“我已经猜出来了！”接着，有板有眼地解释了一番，并说那位客人把我们全寺的人都辱骂了\\n方丈仔细琢磨了一会儿，终于恍然大悟，赶紧去追赶那位客人。客人被迫同之后，见方丈赔礼道歉，又盛情款待，就把自己所听到的消息告诉了和尚们，让众僧预先有所准备，因此避免了一场灾难。从此以后，众僧都对这个小和尚刮目相看了\\n读者朋友，你知道小和尚是如何解释的吗？\\n','小沙弥说：“龛去龙字是‘合’字，时隐日字是‘寺’字，敬的文字不在是‘苟’字，碎去了石字是‘卒’字，连起来为‘合寺苟卒’四个字。”',2,3,0,0,NULL,NULL,NULL,0,NULL,NULL,NULL,NULL,NULL,NULL),(250,'聪明的韩信','两个卖油的伙计要平分十斤油，可手上没有秤。他们只有一个油篓、一个油罐和一个油葫芦，容量各为十斤、七斤、三斤。两个伙计不知该怎么分，正在为难之时，遇上了骑马赶路的汉将韩信\\n两伙计请韩信帮忙代分，韩信连马都没下，三言两语便说出了分油的办法，然后策马而去。两位伙计很快地便将油分了。你能猜出韩信分油的办法来吗？','韩信的话是：“葫芦归罐罐归篓，三倒葫芦两倒罐。”',2,3,0,0,NULL,NULL,NULL,0,NULL,NULL,NULL,NULL,NULL,NULL),(251,'佛印巧对下联','相传，有一次苏东坡和他的朋友佛印和尚在一起议论佛事。佛印和尚信口开河，大吹什么佛法无边，神通广大。这些话，恰巧被躲在屏障后面的苏小妹听到了。她有意要和佛印开玩笑，便写了一张纸条，叫丫环递给苏东坡\\n苏东坡接过来一看，原来是个上联，要佛印对下联。那上联是：“人曾是僧，人弗能成佛。”\\n佛印知道苏小妹是借对联来挖苦自己，他也不含糊，略一凝神，便写出了下联。苏东坡看了，乐得连声称赞：“妙，妙，对得工整、贴切，可谓妙对！”\\n亲爱的读者，你知道佛印是怎样对下联的吗？','佛印对的下联是：“女卑为婢，女又可称奴。”',2,3,0,0,NULL,NULL,NULL,0,NULL,NULL,NULL,NULL,NULL,NULL),(252,'郑板桥写对联','郑板桥是清代有名的书画家，诗词能力俱佳，常有绝妙之辞令人叹服\\n一次，一个盐商为了巴结京城来的大官，请郑板桥为他写副六尺大对联，献给大官。郑板桥心想：你这奸商，看我不好好宰你。于是他说：“写对联可以，不过要付1000两银子。”盐商当然不愿付这么多了，就谄笑着说：“我们挣钱电不容易，您就给打个五折吧。”郑板桥没有说话，提笔写起上联：\\n龙虎山中真宰相\\n盐商看了这上联内容、形式都气势不凡，十分高兴，就等着下联。却见郑板桥开始悠哉游哉地喝起了茶。就连忙问：“先生何时可写下联？”郑板桥不慌不忙：“跟你说好是1000两，你只给一半，所以字也给你写一半就好。”\\n盐商求墨宝心切，不得已只好乖乖奉上另外500两，郑板桥这才写下下联\\n你知道下联是什么吗？','麒麟阁上活神仙。',2,3,0,0,NULL,NULL,NULL,0,NULL,NULL,NULL,NULL,NULL,NULL),(253,'“难不倒”酒店','某城有一家酒店叫“难不倒”酒店，顾客所点菜肴都能满足。某日，有一食客进城办事，正遇晌午时分，他找到“难不倒”酒店，该食客喜爱小呷几斟，点了四道下酒菜，服务员记下后为难地离开了，并立即向经理汇报，经理听后立马找到大厨，大厨一看四道菜分别是：皮外皮、皮内皮、皮里皮外皮、皮打皮。经理和大厨怕砸了“难不倒”酒店的招牌，几经曲折，找到了告老还乡、年过花甲的老厨师，才解开这个谜\\n亲爱的读者，你知道这四道菜各是什么？','猪耳朵，猪肚子，猪舌头，猪尾巴。',2,3,0,0,NULL,NULL,NULL,0,NULL,NULL,NULL,NULL,NULL,NULL),(254,'王安石谜语选书童','宋代文学家王安石酷爱出谜。有一次，他要招一名书童，家人经过多方物色，终于找到了一个，带到他面前，问是否录用。王安石看罢，却不默不作声，只见他在纸上提笔写了一则字谜，递给家人：\\n一月又一月，\\n两月共半边；\\n上有可耕之田，\\n下有长流之川；\\n一家有六口，\\n两口不团圆\\n家人看了，沉思片刻，即明白了王安石的意思。读者朋友，你猜这是一个什么字？\\n','谜底是个“用”字。',2,3,0,0,NULL,NULL,NULL,0,NULL,NULL,NULL,NULL,NULL,NULL),(255,'少了哪些调料','相传，有一次欧阳修到江边一家客店饮酒，要了两盘菜。店主嘴巧话甜，热情招待\\n欧阳修吃完后，店主说道：“小店初开，酒薄菜差，如不合口味，请多指点，以便我们今后改进。”\\n欧阳修笑道：“酒尚可。这菜嘛……”说到此，笑而不答，要店主拿来笔墨，在墙上题写了四句打油诗：\\n大雨哗哗飘湿墙，\\n诸葛无计找张良\\n关公跑了赤兔马，\\n刘备抡刀上战场\\n店主一看，大惑不解。苦思了一夜，才明白诗中之意\\n第二天，当欧阳修再次来该店饮酒时，店主忙端来四样调料，说：“昨日菜中是不是少了这些？”\\n欧阳修一看，笑道：“对，就少这四样调味料。”\\n读者朋友，你猜这菜中少哪四样调味料？\\n','这是一则歇后语谜，谜面与谜底均以谐音相扣，意为菜中“无盐（无檐）、无蒜（无算）、无姜（无缰）、无酱（无将）。',2,3,0,0,NULL,NULL,NULL,0,NULL,NULL,NULL,NULL,NULL,NULL),(256,'伤心的少女','陶潜又名陶渊明，是东晋著名诗人、文学家，尤其擅长写田园诗。他少年好学，知识广博，对于猜谜亦十分精通\\n有一天，陶渊明在郊外闲游，遇到一个少女在河边掩面哭泣，陶渊明急忙上前问明情由，那少女神态悲切地说道：“适才遇到一算卦先生，说俺是风流女，河边站，杨柳身子桃花面，\\n算命打卦她没子，\\n儿子生时娘不见。”\\n陶渊明听罢，不禁拍额大笑，连说：“不要啼哭，算命先生说的是一个谜语，是称赞你美貌的。”少女听罢他的解释，破涕为笑\\n你知道这个谜底是什么吗？\\n','四句话是“出水芙蓉”的意思。',2,3,0,0,NULL,NULL,NULL,0,NULL,NULL,NULL,NULL,NULL,NULL),(257,'谜语难新郎','李清照是宋代著名女词人，关于她的趣闻轶事很多。其中，她在新婚之夜以谜语难新郎的故事，至今还在民间广为流传\\n洞房花烛夜，贺喜的人们逐渐散去了。李清照触景生情，便想用谜语来试试夫君赵明诚的才华。她说：“今晚我想起一个字谜，君若猜中，方可入帐。若猜不中，就只好请君到厅堂里去自度良宵了。”说完便吟道：\\n“三面有墙一面空，\\n妙龄裙钗住其中\\n有心与她说句话，\\n可恼墙外有人听。”\\n赵明诚听了，略一思索，便拉过李清照的手，在她的手心里写了一个字。李清照抽回自己的手看了一下，含情脉脉，点头微笑\\n读者朋友，请你猜一猜，赵明诚在李清照的手心里写的是一个什么字？\\n','“偃”字。',2,3,0,0,NULL,NULL,NULL,0,NULL,NULL,NULL,NULL,NULL,NULL),(258,'唐伯虎卖字画','唐伯虎是明代江南才子，相传他曾在杭州西湖畔卖过字画\\n一天，唐伯虎挂出一幅水墨画，画面上画的是一个人牵着一只狗，逍遥自在。此画挂出不久，便吸引了许多来往游客前来驻足观看。唐伯虎笑着对围观的游客说：“这幅画是一则字谜。谁猜中了就以此画相赠，分文不收；如果猜不中，须付20两银子。”\\n游客们苦思冥想了很久，仍无一人猜中。过了一会儿，只见一个秀才出来说：“我来试试。”说着，他便蹲下身子作匍匐状，随后取下画就走\\n众人皆不解其意，唐伯虎却望着那秀才的背影哈哈大笑：“他已经猜中了。”\\n那么，你猜猜这是一个什么字？','“伏”字。一人是“亻”，一只狗是“犬”，合成“伏”字。',2,3,0,0,NULL,NULL,NULL,0,NULL,NULL,NULL,NULL,NULL,NULL),(259,'巧对成巧谜','有一年春节，杭州西湖总宜园举行春节灯谜会，吸引了许多游客\\n刚巧，徐文长路过园门口，只见一群人拥挤在大门口，在对一副对联谜。好多文人雅士摇头搔耳，苦苦思索，一时对不出下联。徐文长上前一看只见上联写着：\\n“白蛇过江，头顶一轮红日。”\\n下面写着“打一日常用物，并用一谜对下联”\\n徐文长微微一笑，觉得谜底虽平常，但要同样用一谜对下联，感到一时难以作答。忽然，他望见门房墙上挂着一物，便说：“下联有了。”接着吟道：“乌龙上壁，身披万点金星。”\\n你可知道上联打的什么日常用品？徐文长对的下联又是什么日常用品？\\n','上联为青油灯，下联为一杆秤。',2,3,0,0,NULL,NULL,NULL,0,NULL,NULL,NULL,NULL,NULL,NULL),(260,'心服口服','古时候，有个名叫曹著的人，十分聪明，而且善于猜谜和制谜。某口，有个人想和曹著比高低，便找上门来，出了一则谜语给曹著猜：“卧也坐，行也坐，立也坐，坐也坐。”要求猜一动物。曹著听后，没有立即说出那人的谜底，而且也出了一则谜给那人猜：“坐也卧，行也卧，立也卧，卧也卧。”也猜一种动物。那人想了很久想不出。曹著提示说：“我的谜底能吃你的谜底。”\\n听到这句含意双关的话，那人脸都红了，不仅连声称赞曹著高明，还钦佩地向曹著作揖，自叹不如。你知道他两人的谜底吗？','蛙、蛇。',2,3,0,0,NULL,NULL,NULL,0,NULL,NULL,NULL,NULL,NULL,NULL),(261,'传家之画','清朝乾隆年间，某地有个叫张善的老艺人，能作画，会雕刻。张善平时节食省用，因而有点积蓄，日子过得不坏\\n可惜老伴一死，他和一儿一媳、两个孙子一起过。儿子、媳妇整天游手好闲，好吃懒做，积蓄很快花光，父亲对他们一再抱怨，都无济于事\\n后来，张善不幸得了重病，自知将不久于人世，他很为儿孙今后的日子担心。因此，临死之前，他挣扎着画了一张画，贴在堂屋中间作为遗赠。这张画画的是：儿子站着，儿媳妇躺在床板上，两个孙子坐在地上，张大了小嘴像要东西吃似的\\n这一天，张善叫来儿子和儿媳，指着画对他们说：“这张画画的是一个象形的字，你们今后要多看看，多想想！”说完便咽了气\\n读者朋友，请你猜一猜，这张画画的是一个什么字？','这是一幅画谜，谜底是个“俭（侩）”字。',3,3,0,0,NULL,NULL,NULL,0,NULL,NULL,NULL,NULL,NULL,NULL),(262,'点戏','苏东坡在杭州时喜欢与西湖寺僧交朋友。他和圣寺佛印和尚最要好，两人饮酒吟诗之余，还常常开玩笑\\n佛印和尚好吃，每逢苏东坡宴请文朋诗友，他总是不请自来\\n一天，江西才子黄庭坚专程来到杭州拜望自己的老师。苏东坡见到了门生，十分高兴，邀他同游西湖，船上备了许多酒菜，还带了梨园弟子和琴师鼓手。游船离岸，苏学士捋须笑曰：“佛印每次聚会都要赶来白吃一顿，今天他捞不到半点油水了吧，哈哈！”谁知话音刚落，躲在船舱底下的佛印双手一推．爬了出来，嬉笑日：“我这不帮你陪客来了?”苏东坡师徒二人面面相觑，不禁笑了起来。三人在画舫中喝了一会儿，开始点戏\\n生性诙谐的苏东坡捋须一笑：“我先来点！”于是取来文房四宝写了一个“刽”字。黄庭坚接过老师的笔写了“乔木”二字。佛印放下筷子，又点了一折，但也未直言，只写了“满江红”三字\\n你知道三人各点的是什么戏吗？','苏东坡、黄庭坚、佛印和尚点的戏分别为“单刀会”、“断桥”、“火烧赤壁”。',3,3,0,0,NULL,NULL,NULL,0,NULL,NULL,NULL,NULL,NULL,NULL),(263,'子路借物','相传，孔子周游列国时，一天在路上看见一老妇头上插了一样东西，便对弟子们说：“我想借这东西一用，不知谁能否讲明此物，而用一个比方把它借来。”\\n弟子子路说：“这容易，我去借。”\\n子路说完便走向老妇，在她跟前跪下，文绉绉地说道：\\n“吾有徘徊之山，百草生其上，有枝而无叶，万兽集其里，故请借罗网以捕之。”\\n老妇听了，马上把头上的东西取下来借给了他\\n聪明的读者，你知道孔子让弟子借的是何物吗？\\n','孔子让弟子借的是“梳子”。“吾有徘徊之山”是指能摇摆的头；“百草生其上，有枝而无叶”是指头发；“万兽集其里，罗网以捕之”是指要借梳提虱。',3,3,0,0,NULL,NULL,NULL,0,NULL,NULL,NULL,NULL,NULL,NULL),(264,'贵小姐挑夫','古代有个大户人家小姐长得美丽日非常聪明，父母视其为掌上明珠转眼到了要出嫁的年龄。她选夫婿时提出一个条件：只要谁能提出问题难倒她，她就嫁给谁\\n许多王公子弟来求婚，提出很多稀奇古怪的问题，她都对答如流。他们乘兴而来，败兴而归\\n当时有个年轻人，非常聪明，他得知此消息后，也赶来求婚。经过认真思考，他非常坦然、恳切地向这位小姐提出了一个问题，小姐听后，什么话也没说，就答应了婚事\\n聪明的读者，请你动动脑筋想一想，这个年轻人究竟提了个什么问题使求婚成功的？','他提出的问题是：“请问小姐，为了使您成为我的夫人，我应提什么问题才能难倒您呢？”',3,3,0,0,NULL,NULL,NULL,0,NULL,NULL,NULL,NULL,NULL,NULL),(265,'铁拐李蒙羞','铁拐李身背宝葫芦云游四海，在峨眉山遇一顽童\\n“你的宝葫芦里有什么宝？”顽童问铁拐李\\n“治百病的灵丹妙药呀！”铁拐李道\\n“那么，你怎么不治一下你的拐腿呢？”\\n这句话把铁拐李问了个大红脸……铁拐李生气地问：“你这小小的顽童，今年几岁啦？”\\n“我的姓正好是我今年的岁数。”顽童却这样答道\\n“有意思，你的属相是什么？”\\n“我属明年的。”\\n“有这样的属相吗？”\\n“你猜吧！”\\n铁拐李猜了半天没猜着，羞得腾云而去\\n那么，你能猜出这顽童姓什么，几岁了吗？\\n','每人的属相十二年轮回一次。顽童属明年的，是说在明年就开始新的一轮，那么他今年就是十一岁。一十一岁，年岁数字可拼成“王”字，是说他姓王。',3,3,0,0,NULL,NULL,NULL,0,NULL,NULL,NULL,NULL,NULL,NULL),(266,'才子化险','明朝曾有一个皇帝，让当时一个很有名的才子在自己的扇子上题诗。这位才子就写上了王之涣的《凉州词》：黄河远上白云间，一片孤城万仞山。羌笛何须怨杨柳，春风不度玉门关。但是这位才子不小心少写了一个“间”字。平时对他有意见的大臣纷纷趁机落井下石，指责他犯下欺君之罪。他灵机一动，对皇帝说：“我是借古诗作的一首新词，断句应该是这样的……”皇帝一听，不但没有怪罪他，还为他的才思敏捷喝彩。你知道他是如何断句的吗？','黄河远上，白云一片，孤城万仞山。羌笛何须怨，杨柳春风，不度玉门关。',3,3,0,0,NULL,NULL,NULL,0,NULL,NULL,NULL,NULL,NULL,NULL),(267,'浪子回头','从前有位花花公子，从小好吃懒做，嫖赌逍遥。父亲死后，他恶性不改，很快就把遗产花了个一干二净，成了个穷少爷\\n一年除夕，这穷少年过年连米也没有。于是他自嘲地写了副对子“行节俭事，过淡泊年”贴于门口\\n是夜，穷少爷的舅父买了两斤肉，背了十斤米过来，见门前春联，感慨万千，便对外甥说：“你这对联的头上，还应各加一个字！”说完挥笔写了一副门联\\n穷少年一看，羞愧不已，从此改邪归正，自力谋生，成了个回头浪子\\n你知道那好心舅父在对联头上各加了一个什么字吗？','早行节俭事，免过淡泊年。',3,3,0,0,NULL,NULL,NULL,0,NULL,NULL,NULL,NULL,NULL,NULL),(268,'瞿佑相亲','明代文学家瞿佑，在元宵灯节上看见了一位娇美动人的小姐，心生爱慕。刚巧，小姐的父母也相中了瞿才子，请他到家中吃酒，意在招为女婿。瞿佑虽仰慕小姐，但也看重才学，于是写了一首诗谜请丫鬟转交给小姐：“巧制功夫百炼钢，持来闺阁共行藏；双环对展鱼肠快，双股齐开燕尾长；随机镂出新花样，长在佳人玉指旁。”','手镯。',3,3,0,0,NULL,NULL,NULL,0,NULL,NULL,NULL,NULL,NULL,NULL),(269,'巧治地主','清时，有个庄稼人叫朱大滑，此人滑稽多智，方圆几百里闻名\\n附近的一个村子有个地主叫贾义，他诡计多端，把村里的穷人都坑害遍了。大家恨透了他，只是准也拿他没办法。有一天，大家来找朱大滑，求他出主意整治贾义。朱大滑爽快地说：“好！我明天就去给你们出气。”\\n第二天，朱大滑从镇上的杂货店中买来三两漆，寄存到贾义家里。然后，他穿上一套整齐的衣服去县衙告状，说贾义“黑”了，他四两金子\\n县官传来贾义，与朱大滑当堂对证。贾义感到莫名其妙，说：“青天大老爷，我没有贪过谁的金子呀！”\\n最终，贾义有苦难言，只得按照县官的命令赔了朱大滑金子。你知道这是怎么回事吗？','朱大滑坚称贾义贪了他四两金子，贾义对县官解释说不是四两金子，是三两漆。\\n县官一听，把手一扬，说：“也罢，你说三两七就三两七。”接着吩咐衙役到贾义家中取三两七的金子还给朱大滑。\\n贾义有苦难言，只得哭丧着脸离开县衙。',3,3,0,0,NULL,NULL,NULL,0,NULL,NULL,NULL,NULL,NULL,NULL),(270,'解缙巧连真假句','明代才子解缙，才高八斗，又风趣幽默，皇帝经常给解缙出一些难题来寻开心\\n有一次，群臣朝罢，皇帝对解缙说：“我今天让左丞相说一句真话，右丞相说一句假话，你用一个字把两句话连起来，组成一句假话，行吗？”\\n解缙说：“可以试试。”左丞相说：“皇上坐在龙椅上。”\\n右丞相说：“公鸡生蛋。”\\n满朝文武听见这两句话一真一假，毫不相干，又不能污辱皇上，看解缙怎么连法？\\n解缙不假思索地说：“皇上坐在龙椅上看公鸡生蛋。”\\n一句话逗得皇帝哈哈大笑。可是，皇帝连忙又说：“还是刚才说的‘公鸡生蛋’这句话，你再用一个字跟上一句连成一句真话。”\\n皇帝的话音刚落，解缙又答了出来。皇帝和群臣听了，无不佩服解缙的才思敏捷\\n聪明的读者，你知道解缙是怎样连那句真话的吗？\\n','解缙在两句话中问加了个“讲”字，连成：“皇上坐在龙椅上讲公鸡生蛋。”',3,3,0,0,NULL,NULL,NULL,0,NULL,NULL,NULL,NULL,NULL,NULL),(271,'热血青年','有一个青年要参加巴黎公社运动，但是他并不是很了解它，他的父亲劝阻他说：“如果你做的是一件正直的事情，你就要受到恶势力的侵害；如果你做的是一件邪恶的事情，那么上帝就会惩罚你。你总要受到伤害，所以你不要去了。”','青年说：“如果我做的是一件正直的事情，那么就会受到上帝的保护；如果我做的是一件邪恶的事，恶势力是不会为难我的，所以无论如何，我都会平安的。”',3,3,0,0,NULL,NULL,NULL,0,NULL,NULL,NULL,NULL,NULL,NULL),(272,'木匠建庙','我国古代有个木匠跟鲁班学艺，到南山密林中去修筑香岩寺\\n一天，木匠陪师傅在山上散步，走到一棵古柏和一块怪石跟前，师傅说：“这古树怪石，直是少见！”\\n木匠说：“若在石上再建座庙，就更好了。”师傅看了看木匠说：“好！你试着在这儿修建成一百一十一座庙吧！”\\n师傅这么一说，木匠愣住了，心想；这虽是一块巨大的怪石，但哪里能容得下这么多庙啊？\\n一连两天，木匠都想不出如何建造，愁得他茶饭不思。一天早饭后，木匠又坐在古柏下，看着那巨大的怪石发愁。忽然，他眼睛一亮，高兴地自语道：“师傅说的一百一十一座庙可以建造啦！”\\n木匠把自己的想法告诉师傅后，师傅夸他聪明，肯动脑筋。试问，木匠是怎样想的呢？\\n','鲁班说的“一百一十一座庙”，用的是谐音，意思是“一柏、一石、一座庙”。',3,3,0,0,NULL,NULL,NULL,0,NULL,NULL,NULL,NULL,NULL,NULL),(273,'求学','古时有三兄弟，都略通文墨，听说县城来了一位学识渊博的先生，一起前往求学\\n先牛说：“我要考考你们，谁最聪明就收谁。”说着拿出三张纸，分给他们，每张纸上都写着“一女牵牛过独桥，夕阳落在方井上”这几个字\\n三兄弟不知道先生要考什么，老大灵机一动，以这几个字为命题作起作文来；老二自作聪明，以这字为上联，对出下联；而老三不动笔墨，待老师收卷子时，才匆忙在纸上写上自己的名字“王文”。先生看了卷子后，只留老三一人当学生\\n你明白先生究竟考的什么吗？','姓名。',3,3,0,0,NULL,NULL,NULL,0,NULL,NULL,NULL,NULL,NULL,NULL),(274,'钟耘舫与朱秀才','相传，号称“对联天子”的四川文人钟耘舫，才华盖世，素不与权贵往来\\n一日，善于巴结逢迎权贵的当地秀才朱某来到钟耘舫家中，提出对对联。朱秀才出联道：\\n“大丈夫半截人身。”钟耘舫早就想教训一下朱秀才，于是略加思忖，接对道：\\n“朱先生三个牛头。”\\n亲爱的读者，你知道这副对联的含义吗？','上联中“大丈夫”三字的下部均可截下“人”字，朱秀才立意在讥讽钟耘舫莫以“清高”自足，“大丈夫”亦是凡人，没什么了不起。下联中“朱先生”三字的上半截都为“牛”字之头，钟耘舫以此联句提醒朱秀才莫一味逢迎拍马官府中人，甘当权贵的“蠢牛”。',3,3,0,0,NULL,NULL,NULL,0,NULL,NULL,NULL,NULL,NULL,NULL),(275,'聪明的小姑','有一户人家只有三口人：哥哥、嫂嫂和一个小姑\\n这一天，小姑在门口做活，见一个过路人走来向他问路。小姑就热心地又说又点，把问路人打发走了。晚卜哥哥回来了，嫂嫂就跟她丈夫说：“你得管教管教你妹妹啊，她总站在门外和过路的男人指指划划，说三道四。”哥哥一听火了，把妹妹找来想打她一顿。妹妹委屈地说：“你打我知晓，背后有人挑；因何出门来，为指路一条。”哥哥听后，才知道错怪了，妹妹\\n后来有人把这四句话作为谜语，猜一样东西。你知道是猜什么吗？','灯笼。',3,3,0,0,NULL,NULL,NULL,0,NULL,NULL,NULL,NULL,NULL,NULL),(276,'改对联骂乡长','旧社会时，某乡长勾结恶霸，鱼肉乡民，无恶不作。有一年除夕，他在大门两旁贴出一副春联：近智近仁近勇，立德立功立言。乡民平时对他恨之入骨，当晚就有人把这副春联中的字换了六个，改成了完全相反的意思。第二天，乡民们看了无不拍手称快。那个乡长气得吹胡子瞪眼\\n你知道这副对联是怎么改的吗？','近霸近官近贼，立恶立过立邪。',3,3,0,0,NULL,NULL,NULL,0,NULL,NULL,NULL,NULL,NULL,NULL),(277,'家书','古时候的书生常年在外读书，每过一段时间，都要写家书报平安。要过年了，一位书生给家人写了一封信：“父母大人拜卜新年好晦气全无人丁兴旺读书少不得五谷丰登。”但是．没过几天，家里就托人催他回家。他急匆匆地赶回家后，才知道是家人读了他的信后很担心他，他感到很是奇怪。于是又看了一遍自己写的信，发现上边被加上了标点：“父母大人拜上，新年好晦气，全无人丁兴旺，读书少，不得五谷丰登。”他哭笑不得。你知道书生本来的意思吗？请按你的理解给那句话重新加上标点','父母大人拜上：新年好，晦气全无，人丁兴旺，读书少不得，五谷丰登。',3,3,0,0,NULL,NULL,NULL,0,NULL,NULL,NULL,NULL,NULL,NULL),(278,'词中谜语','有关乾隆、纪晓岚的故事是多之又多，下面是乾隆给纪晓岚的一首藏着谜语的词，你能猜出来吗？\\n下珠帘焚香去卜卦，\\n问苍天，侬的人儿落在谁家？\\n恨王郎全无一点真心话\\n欲罢不能罢，\\n吾把口来压！\\n论文字交情不差，\\n染成皂难讲一句清白话\\n分明一对好鸳鸯却被刀割下，\\n抛得奴力尽手又乏\\n细思量口与心俱是假\\n','一、二、三、四、五、六、七、八、九、十。',3,3,0,0,NULL,NULL,NULL,0,NULL,NULL,NULL,NULL,NULL,NULL),(279,'讥讽对联','明末清初的时候，降臣洪承畴做寿时，当时一位很出名的书法家送了一副对联贺寿：\\n二三四五六七\\n孝悌忠信礼义廉\\n洪承畴看后很高兴，就把它挂在正堂，当时有很多有学问的人看后大笑。后经人解释，洪承畴气得昏了过去。你知道这副对联怎么解释吗？','上联没有“八”，下联没有“耻”，所以对联的意思是王八（忘八）无耻。',3,3,0,0,NULL,NULL,NULL,0,NULL,NULL,NULL,NULL,NULL,NULL),(280,'字谜','乾隆、刘墉、和珅君臣三个总是爱在一起比比智慧，斗斗嘴。一天，刘墉、和珅陪着乾隆逛圆明园，看到“方壶胜景”边的两座小楼前竖着一块牌子，上面写着“虫二”两字。乾隆不明白，走出六十步，方琢磨出是什么意思，忙对和珅、刘墉说了。刘墉说自己早就琢磨出来了，并在牌子上写下了答案。乾隆不信，走回去六十步，果然见刘墉墨迹未干。由此留下一句话：“刘墉的学问比乾隆大六十步。”你知道刘墉写的是什么吗？','风月无边（古代繁体字风为凰），隐喻这里风景优美，吸引游人。',3,3,0,0,NULL,NULL,NULL,0,NULL,NULL,NULL,NULL,NULL,NULL),(281,'徐九经的为官诗','徐九经为官清廉，常为弄清案情而乔装私访。一次，徐九经又深入民间私访民情。走到半路上，一个差役问他：“老爷，您整天这样忙忙碌碌，到底图的是什么？”\\n徐九经没有直接回答，而是笑着作了一首诗。诗日：\\n头戴纱帽翅，\\n当官不省劲\\n平事我不管，\\n单管不平事\\n后来，徐九经的这首诗被人当做谜面，要求猜一木工工具\\n读者朋友，你能猜出谜底是什么吗？\\n','谜底是“刨子”。',3,3,0,0,NULL,NULL,NULL,0,NULL,NULL,NULL,NULL,NULL,NULL),(282,'学童巧做诗谜','旧时有个私塾先生，非常喜爱谜语。有一次，他让学童们作诗，要求诗里写一百只麻雀，但不能有“百”字出现。学生们想了很久，都写不出来\\n过了一会儿，有个学生对先生说：“我做出来了！”接着吟道：\\n“三四五六七八只，\\n天上飞来又一双\\n叽叽喳喳有多少？\\n非十非千正中央。”\\n先生•算：三四是十二，五六是三十，七八是五十六，加起来是九十八，天上飞来又一双，恰好一百只，不说“百”而说“十”和“千”的中间，也很妙，便连连点头称赞\\n这一年的清明节刚好是三月十六日，先生带领学童们踏青时，又要求学生们做诗，但诗中不准有“三月十六清明节”的字样，一位学生道：\\n“雪从今日断，\\n月是昨宵圆\\n坟前飘纸旌，\\n路上几驴驮。”\\n先生听了，便又称赞：“好诗，好诗！”\\n读者朋友，你能将这首诗的意思做一解释吗？\\n','农谚道“清明断雪，谷雨断霜”，诗中第一句写出了清明；第二句写十五之夜月圆，次日自然是十六日了；第三句写清明扫墓的情景；第四句写妇女骑驴踏青的情景。',3,3,0,0,NULL,NULL,NULL,0,NULL,NULL,NULL,NULL,NULL,NULL),(283,'触景生情吟隐谜','南宋末年，有一老秀才，姓李名道，身边有一女，名日玉娥。玉娥天资聪颖，能诗善谜。因此，李道夫妇视之若掌上明珠\\n后来，元兵入侵，神州遭劫，百姓纷纷逃难，李道不幸病逝，其妻也在奔波途中与女儿失散。可怜玉娥无依无靠，只身流落街头，为寻生计，无奈配与城西一渔夫为偶\\n一日，玉娥随夫捕鱼到江中，手提撑船用具，但见肌瘦黄脸映于清波如镜之江面，因而触景生情，伤心叹道：“妾在家翠绿娇娥，\\n嫁浪子受尽风波\\n到而今形容消瘦，\\n提起来泪滴江河。”\\n玉娥吟的这首诗，既道出了她的身世和悲惨遭遇，又隐喻了一件渔家用具。聪明的读者朋友，你能猜出谜底是何物吗？\\n','谜底为“竹篙”。',3,3,0,0,NULL,NULL,NULL,0,NULL,NULL,NULL,NULL,NULL,NULL),(284,'苏小妹试夫','传说苏轼的妹妹苏小妹，从小习读诗文，精通经理，是个有才识的女辈。小妹十六岁时，上门说亲的人很多，小妹年纪虽小，但见识却不短，为了找到一个能和自己吟诗作对的夫婿，她要求所有求婚者答三道题，答对了，就嫁给他\\n(1)人名\\n展翅翱翔，飞鸟归房，小人掌印，凿壁借光，昔日为雄，远境闲逛，娃娃献计，红热俱藏\\n(2)物名\\n越大越好过，越小越难过，越短越好过，越长越难过，白天还好过，晚上更难过\\n(3)猜字\\n东境脚为佳，女未肯成家，半口吃一口，音息心牵挂\\n求婚者获知小妹三道难题后，前来应试的人不少，但都只答了一两道题之后就扫兴而归。有一天，苏轼诗友秦少游前来应试，秦少游文才敏捷，前去找小妹答题，三题全部答对，两人结为百年姻缘。你能猜出苏小妹的这三则谜语的谜底吗？\\n','人名是张飞、关羽、孙权、孔明、陈胜、陆游、孙策、朱温；物名是独木桥；猜字是小妹同意。',3,3,0,0,NULL,NULL,NULL,0,NULL,NULL,NULL,NULL,NULL,NULL),(285,'难倒伍子胥','相传，战国时，文武双才的伍子胥初次上朝时，在殿前刚举完千斤鼎，君主又传谕试才\\n结果，满朝文武都论不过他。这时宰相给他出了个字谜：东海有大鱼，无头又无尾，丢了脊梁骨，一去直到底。伍子胥当即答了出来\\n接着他又回宰相一个字谜：出东海，入西山，写时方，画时圆\\n其实谜底都是一个，却难住了宰相。猜一猜是什么字？','日。',3,3,0,0,NULL,NULL,NULL,0,NULL,NULL,NULL,NULL,NULL,NULL),(286,'猜谜赠画','牛石慧是清代著名书画家，许多文人秀才慕其名，经常拜访他，求赠书画。一次，牛石慧悬肘挥笔，画就《滕王阁才子题赋》，文人秀才个个拍手叫好，争相求赠\\n牛石慧略一思考，说道：“拙作承蒙诸君厚爱，深感荣幸，无奈人多画少，只好出诗谜一首，猜中者愿双手奉送。”随即道：\\n“君子清俊秀逸，\\n满腹儒雅文章\\n时而红妆盈面，\\n常伴风月花鸟。”\\n读者朋友，你能猜出书画家牛石慧这首诗写的是何物吗？\\n','这首诗的谜底是“书画家落款之印章”。',3,3,0,0,NULL,NULL,NULL,0,NULL,NULL,NULL,NULL,NULL,NULL),(287,'碑文之谜','从前，有一位举人进京赶考，行至一片柏林休息，只见路旁一块石碑上\\n隐约刻着几行字岳飞大战牛头山，\\n王小卧冰感动天，\\n姜女哭得长城倒，\\n三人结拜在桃园\\n举人看罢，仔细一琢磨，方知是四个字谜\\n读者朋友，请你动动脑筋猜一猜，谜底究竟是哪四个字？\\n','谜底为“忠”、“孝”、“节”、“义”。',3,3,0,0,NULL,NULL,NULL,0,NULL,NULL,NULL,NULL,NULL,NULL),(288,'蒲松龄应聘','清代文学家蒲松龄很有才华，但却连试不第。有一次，他来到淄川县城，见一户财主家招聘教书先生的启事，上面写有四句诗：\\n猛张飞力大如牛，\\n关云长满口美须；\\n刘玄德眉清目秀，\\n诸葛亮八卦布阵\\n并在一旁注明：猜中者受聘\\n才思敏捷的蒲松龄略一沉吟便揭了榜，当上了教书先生\\n读者朋友，你能猜出这首诗谜的谜底吗？\\n','谜底是“贺”字。',3,3,0,0,NULL,NULL,NULL,0,NULL,NULL,NULL,NULL,NULL,NULL),(289,'李秀才的谜语','从前，有一个吴知县，能书善讲，文笔不凡，自谓“天下第一才子”。一天，他与邻县的张知县猜谜，谜面是：东南西北路条条，八万雄兵手提刀。一子一女并排坐，天上绿竹喜弯腰。吴知县先猜出了谜底，于是高兴地到处炫耀\\n吴知县与临乡李秀才有文字之交，便兴高采烈地跑到李秀才家说：“我今天又猜出一个谜语，真是才学不浅呢。”李秀才接过谜面一看，笑着说：“这谜是我出的呀。”秀才接着说：“我这里还有一个谜面，你猜猜看：两个幼儿去爬山，没有力气爬得上，归家又怕人笑话，躲在山中不肯还。”\\n这次，吴知县想了半天也没想出来。那么，你知道是什么字吗？\\n','第一个谜底是：十分好笑，第二个谜底是：幽。',3,3,0,0,NULL,NULL,NULL,0,NULL,NULL,NULL,NULL,NULL,NULL),(290,'术士的秘方','杭州吴山，有一术士在大街上摆摊，出售秘法三条：一是持家必发，二是饮酒不醉，三是生虱断根。秘法用厚纸密封，郑重其事地摆着，每包标价铜钱三百\\n买者拿回家中拆开一看，里面写着六个大字。他们看了个个哭笑不得，大呼上当，你能猜出是六个什么字吗？','勤俭，早散，勤捉。',3,3,0,0,NULL,NULL,NULL,0,NULL,NULL,NULL,NULL,NULL,NULL),(291,'哑谜','和坤和两淮盐运史卢雅雨是儿女亲家，卢雅雨挥霍无度，亏空了大量公款，朝廷准备抄他的家产严办。由于和珅经常出入乾隆的内廷，知道了这件事，他决定把这一情况通知卢雅雨，但是又怕走漏风声，吃罪不起，最后终于想出了一个办法\\n他将一小撮茶叶装在一个信封里，然后用面糊加盐封好，派人送到卢府。卢雅雨接到这封内外都没有写一个字的占怪信后，很快便领悟了其中的奥秘，把余财迅速安顿他处。到了查抄的时候，所存资财寥寥无几。纪晓岚侦得和坤曾送信给卢雅雨的事，报告了乾隆。乾隆责备和珅，和坤力辩信中实无一字，经乾隆再三追问，和珅才招认这封信实际上是一个隐着六个字的哑谜。请你猜一猜，这六个字是什么？','盐案亏空查抄。',3,3,0,0,NULL,NULL,NULL,0,NULL,NULL,NULL,NULL,NULL,NULL),(292,'钓了多少鱼','有一个人特别喜欢钓鱼，但是他钓鱼的技术太差了，所以钓到的鱼总是很少。人们总是拿这件事情取笑他。有一天他钓鱼归来，路上一群人又问他钓了多少条鱼时，他骄傲地回答道：“有6条没头的，8条半截的，9条没尾的。”人们很是吃惊\\n那么，你知道他钓了多少条鱼吗？','他没有钓到鱼。\\n因为“6”去了“头”就是“O”，“8”从中截断是两个“0”，“9”去了“尾”也是“0”。',3,3,0,0,NULL,NULL,NULL,0,NULL,NULL,NULL,NULL,NULL,NULL),(293,'理发师与顾客','有一个顾客来理发店理发，他对理发师说：“昨天，我们学院的篮球队和另外一个学校的篮球队进行了一场比赛，我们胜利了，比分是89:60，但是，我们这边没有一个男球员投球，你知道我们为什么赢吗？”\\n理发师困惑不解。顾客告诉理发师说：“因为我们球队都是女球员。”\\n理发师笑了，对他说：“你知道吗，我宁可给两个外地人理发，也不愿意给—个本地人理发，你知道是为什么吗？”\\n现在该这名顾客困惑不解了。你知道是为什么吗？\\n','因为给两个人理发比给一个人理发得到的钱多。',3,3,0,0,NULL,NULL,NULL,0,NULL,NULL,NULL,NULL,NULL,NULL),(294,'谜语诗','黑格尔说：“艺术最杰出的本领就是想象。”写诗作文离不开想象，很多诗都诗中含谜，颇有趣味。比如唐代大诗人贺知章的《咏柳》：\\n碧玉妆成一树高，万条垂下绿丝绦\\n不知细叶谁裁出，二月春风似剪刀\\n全诗没有一个“柳”字，却惟妙惟肖地描绘出柳树的形态，耐人寻味。这样有意避开诗题的诗被称之为“避题诗”，其实可以把它看作“谜语诗”，诗句作谜面，诗题不就是谜底吗？\\n下面撷选几首谜语诗，大家猜猜诗题分别是什么？\\n(l)雨打灯难灭，风吹色更明。若飞天上去，定做月边星\\n(2)解落三秋叶，能开二月花\\n过江三尺浪，人竹万竿斜\\n(3)远看山有色，近听水无声\\n春去花还在，人来鸟不惊\\n','萤火、风、画。',3,3,0,0,NULL,NULL,NULL,0,NULL,NULL,NULL,NULL,NULL,NULL),(295,'姓啥','从前有三位秀才赴京赶考，同来到一家客店里住宿。夜阑人静，寒气袭人，他们冷得不能入睡，便点了灯，坐在床上。一个秀才叹了口气说：“这次赴京，如再落第，一定要将我的姓倒着写了。”第二个秀才听罢后说：“此番进京，再名落孙山，誓把我的姓横着写啦！”第三个秀才微笑着说：“这次上京，如果金榜无名，我和你们俩一样，决定将姓氏调过来写啊！”言毕，三人互通姓氏。第一个说：“我的姓是土上倒土。”第二个说：“我家比你家，左右多了两堵墙。”第三个不禁哑然失笑，说：“我在你家上面长苗、下面生根呢！”原来三位秀才的姓氏正写反写都是一样。请大家猜猜看，他们各姓什么呢？','第一个姓王，第二个姓田，第三个姓申。',3,3,0,0,NULL,NULL,NULL,0,NULL,NULL,NULL,NULL,NULL,NULL),(296,'“困”字','古时候，有一个聪明的小孩。有一次，他看见邻居李大爷要砍掉院子里的一棵大树，他不明其意，便问道：“这棵树长得好好的，您为什么要砍掉它呢？”李大爷说：“你看，这院子方方正正的，里面长一棵树，就好像是个‘困，字，这是多么不吉利呀！”小孩听后，就用树枝随手在地上写了一个字，然后说：“您看，照您的意思，砍掉这棵树，住在这方正的院子里，不是更不吉利了吗？”李大爷看了小孩写在地上的字，觉得小孩的话很有道理，就不再砍树了。请问：小孩写的是一个什么字？','囚。',3,3,0,0,NULL,NULL,NULL,0,NULL,NULL,NULL,NULL,NULL,NULL),(297,'小店铺挂奇招牌','有一个人开了一间小店铺，为了揽生意，店主人在铺前挂了一块很大的招牌，上面写道：\\n月挂半边天，\\n嫦娥伴子眠，\\n酉时天下雨，\\n读书不必言\\n从挂出招牌那天起，店里的生意十分兴隆。请问：这家小店经营的是什么生意？\\n','招牌上的话是字谜，每句话正好打一个字，连起来意思是“有好酒卖”。',3,3,0,0,NULL,NULL,NULL,0,NULL,NULL,NULL,NULL,NULL,NULL),(298,'创意字谜','去上面是字，去下面是字，去中间是字，去上下是字\\n','早。',3,3,0,0,NULL,NULL,NULL,0,NULL,NULL,NULL,NULL,NULL,NULL),(299,'苏东坡错怪苏小妹','相传，有一次苏东坡和苏小妹二人乘船探亲，行至一半路程，不料江风骤起，只好缆船靠岸。夜幕低垂，帆灯点点，邻船不时传来阵阵琴弦声。素来喜诗乐的苏小妹情不自禁，走出船舱，轻提罗裙，洗耳静昕。她正要转身回舱，苏东坡恰好走了过来，见此情景，甩袖瞠目怪道：“闺阁少女，在此窥探，成何体统！”\\n苏小妹听后委屈地说道：\\n“天黑出舱来，手扶木栏杆\\n必定无邪念，\\n弹罢就回来。”\\n苏小妹的一番话，说得苏东坡很不好意思，忙说道：“是我错怪你了！”小妹娇笑着，回到了舱里\\n苏小妹所说的也正好是一则谜语，你能猜出谜底为何物吗？','谜底是木匠用的“墨斗”。',3,3,0,0,NULL,NULL,NULL,0,NULL,NULL,NULL,NULL,NULL,NULL),(300,'粗中有细的张飞','据说张飞是个粗中有细的人，年轻时曾贩卖过小猪。一日，他挑着两筐猪来到集上。刚放下担子，就有一个红脸大汉走来说：“我要买两筐小猪的一半零半头。”话音刚落，又过来一个黑脸大汉说：“你如卖给他，我就买剩下的一半零半头。”没等张飞答话，又挤过来一个白面书生说：“你若卖给他俩，我就买他俩剩下的一半零半头。”张飞一听，不由黑须倒竖，怒上心头。心想：小猪哪有卖半头的，这不是存心欺负俺老张吗？正待动武，但又仔细一想，忽然答应了。结果张飞照他们三个人的说法卖，小猪正好卖完\\n聪明的读者，你知道张飞一共卖了多少头小猪？他们三人各买多少头吗？','共卖七头小猪：红脸汉四头，黑脸汉两头，书生一头。',3,3,0,0,NULL,NULL,NULL,0,NULL,NULL,NULL,NULL,NULL,NULL),(301,'射杀自己的人','有个人单独在房问里，绝望地拔出枪射杀自己。过了一段时间，另一个人被控谋杀他，并被判决有罪。到底发生了什么事？','因为在他开枪前，他已经被被控谋杀的人用刀子刺进腹部，没有生还的可能。垂死的他为了减少痛苦才不得已开枪。检查方证实，即使他不开枪射击自己，不久也会死于失血过多。',1,4,0,0,NULL,NULL,NULL,0,NULL,NULL,NULL,NULL,NULL,NULL),(302,'汽车站的怪人','有一个人站在公交汽车站，同时拿着一把普通的厨房用椅。他的右手一直都没有离开椅子，上车时却又很费劲地用左手辅助自己将椅子搬上车。为什么？','他在修椅子时，右手不小心被强力胶黏在椅子上，虽然右手没有离开椅子，但却无法用劲，因此只能靠左手辅助上车，到医院去拿下椅子。',1,4,0,0,NULL,NULL,NULL,0,NULL,NULL,NULL,NULL,NULL,NULL),(303,'青少年的排队','父母外出后，一名青少年与朋友偷喝了他父亲的杜松子酒。这是被严格禁止的，于是他们倒了些水到酒瓶里补回喝掉的量，并把瓶子放回原处，然而当父亲回家，看了酒瓶一眼，立刻生气地指责儿子偷喝酒。他是怎么知道的？','因为酒原来放在冰箱里，即使低温也呈现液态。而掺水以后，就在瓶子里结成一块冰块。',1,4,0,0,NULL,NULL,NULL,0,NULL,NULL,NULL,NULL,NULL,NULL),(304,'画三角形','用7条直线可以画几个没有重叠的三角形？','11个。如图所示：',1,4,0,1,NULL,NULL,NULL,0,NULL,NULL,NULL,NULL,NULL,NULL),(305,'正确的说法','有场10000米的长跑赛正在进行，比赛场地是一个400米的运动场。当第一名跑到终点的时候，跑在第二位的还需要再跑5圈才够10000米；跑在第三位的还需要再跑7圈才够10000米\\n这时在看台上的甲对乙说：“如果两个人的速度是匀速的，这样跑下去，第二名要比第三名领先2圈。”乙说：“不，一定没有2圈。”丙插话说：“一定比两圈还要多。”\\n他们哪个人的说法是正确的呢？','丙的说法是正确的。因为第二名比第三名的速度要快，所以他跑完5圈用的时间比第三名跑5圈用的时间要少。',1,4,0,0,NULL,NULL,NULL,0,NULL,NULL,NULL,NULL,NULL,NULL),(306,'失职的放大镜','什么东西用放大镜放不大？','角度。',1,4,0,0,NULL,NULL,NULL,0,NULL,NULL,NULL,NULL,NULL,NULL),(307,'实话和谎话','徐先生犯了一个错误。他在太太面前掏口袋的一刹那，口袋里的酒吧火柴盒、未中奖的赛马票以及旧情人的照片等散落一地，慌张之余，为了避免吵架，他双手各遮起一件东西。试问，他遮哪个东西最有用？','遮住太太的眼睛最有用。',1,4,0,0,NULL,NULL,NULL,0,NULL,NULL,NULL,NULL,NULL,NULL),(308,'比赛','某地，两个骑手举行荒唐的骑马比慢的比赛，当比赛信号发出后，两个骑手依然坐在各自的马上不动，生怕走在前面。面对僵持不下的局面，有个老翁出了个主意，使两人驾着马匹疾驰而去，你知道老翁出的是什么主意吗？','让两人换了马匹比赛。',1,4,0,0,NULL,NULL,NULL,0,NULL,NULL,NULL,NULL,NULL,NULL),(309,'比大小','什么时候O大于2，2大于5，5大于0？','玩“石头、剪子、布”的时候。',1,4,0,0,NULL,NULL,NULL,0,NULL,NULL,NULL,NULL,NULL,NULL),(310,'百步吹烛','小王是厂里有名的“智多星”\\n“五四”青年联欢晚会上，大家都要他来表演一个精彩节目。小王想了一下说：“我没有什么精彩节目献给大家，就表演一个‘气功百步吹烛’吧。”大家一听，惊奇地说道：“小王根本不会气功，他怎么表演啊？”这时小王已拿出一支蜡烛，点燃后竖在桌上，转身走了起来：一步、二步、三步……一共走了一百步，然后用足力气，对准蜡烛一吹：“噗！”蜡烛灭了\\n“怎么样？走一百步还能把蜡烛吹灭。不假吧！”大家都笑开了，鼓掌说：“不假！不假！”\\n你猜猜，没有气功的小王是怎样百步吹烛的？','小王转身走五十步，又回头过来走五十步，虽说共走一百步，其实等于没走。',1,4,0,0,NULL,NULL,NULL,0,NULL,NULL,NULL,NULL,NULL,NULL),(311,'早晨的事件','小明在早上醒来的时候，发现身边躺着一具尸体，但是他并没有感到害怕，反而有些高兴，你知道这是为什么吗？','因为那是蚊子的尸体。',1,4,0,0,NULL,NULL,NULL,0,NULL,NULL,NULL,NULL,NULL,NULL),(312,'巧治暴徒','从前，有一暴徒自以为自己的力气很大，无所不能，所以常常是一副不可一世的架势。这天，他正在众人面前吹嘘自己如何了得，忽然过来一名书生，要向他挑战\\n书生说：“今天咱们来比一比，如果你赢了，就算你本领大，我会给你10两银子；如果你输了，以后你就不要摆你那个臭架子，而且还要给我10两银子。”\\n暴徒一想，有什么怕的，就答应了\\n书生说：“今天咱们不比别的，就比坐，我找个地方坐下去，如果你能坐到我坐过的地方，你就赢了。”暴徒同意了\\n书生就当着众人的面，找个地方坐了下去。暴徒一看，目瞪口呆，只好认输\\n聪明的读者，你猜书生坐到了什么地方呢？','书生坐到了暴徒的腿上。',1,4,0,0,NULL,NULL,NULL,0,NULL,NULL,NULL,NULL,NULL,NULL),(313,'放置雕像的麻烦','某市为了纪念一位英雄，为他雕刻了一座纪念雕像，雕像完成后，要放置在市中心广场中央的台座上。但这个雕像巨大而笨重，并且雕像的底部完全是平的，必须用绳索将它的周围和底部捆绑起来，否则无法抬起。但问题是，等抬到台座上后，如何将压在雕像底部的绳索抽出来呢？','先将数块冰放在台座上，用绳索把雕像放在冰上以后，将绳索放置于各块冰之间的空隙中，就可以将绳索抽走。等冰块融化后，雕像就会稳固地放在台座上。',1,4,0,0,NULL,NULL,NULL,0,NULL,NULL,NULL,NULL,NULL,NULL),(314,'吃羊的狼','一只干瘦的饿狼在晚上去了一个村庄，它发现有一只肥羊被关在一个铁笼子里。笼子的缝隙正好可以让这只狼钻过去。但是这只狼很聪明，它知道如果它钻过去吃了羊，那么它的身体就不能从笼子里钻出来了，但是它又不想放弃这次饱餐一顿的机会\\n那么，这只狼怎么做才能吃到羊，并且可以从容逃脱呢？','狼首先钻进笼子，将羊咬死，然后它把羊撕成可以拖出笼子的小片。当它把羊分开拖出笼子之后，就可以在外面饱餐一顿，并且可以在羊的主人赶来之前逃跑。',1,4,0,0,NULL,NULL,NULL,0,NULL,NULL,NULL,NULL,NULL,NULL),(315,'我的狗不咬人','一位老太太正在公园里散步，遇见了一个小伙子和一条狗。老太太非常喜欢狗，但她还是先问了小伙子一句：“你的狗咬人吗？”\\n小伙子说：“不咬。”\\n老太太这才放心地去想抚摸•下那条狗，结果那狗却差点把老太太的手指咬下来，鲜血从手上滴了下来\\n“你不是说你的狗不咬人吗？”老太太气愤地质问道。没想到小伙子还是说自己的狗不咬人，你知道这是为什么吗？','那条狗不是小伙子的，只是巧合跟着他而已。',1,4,0,0,NULL,NULL,NULL,0,NULL,NULL,NULL,NULL,NULL,NULL),(316,'捉迷藏','一群孩子在玩捉迷藏。珍妮说：“我不玩了，很明显，现在大家都能轻易找到我。”“那也要看是谁当‘鬼’啊。”杰克说，“我们大部分人都能轻易找到你，但对约翰来说，要找到你就和找到其他人一样难。”他说的是对的，清问发生了什么事？','珍妮当时在不停地打嗝，而约翰是个聋子。',1,4,0,0,NULL,NULL,NULL,0,NULL,NULL,NULL,NULL,NULL,NULL),(317,'禁舞令','巴西的一家酒吧每周五晚上会定期举行舞蹈比赛，但是这个比赛禁止某位男子参加，因为他总是赢。他并不是职业舞者，也没受过舞蹈训练，为什么他一直会赢？','因为这个舞蹈比赛是比凌波舞，此种舞蹈要求舞者通过不断放低的竿子，这个过程中需要舞者仰面而手不触地。被禁止参赛的男子是个侏儒，他有天生的优势能通过放低的竿子。',1,4,0,0,NULL,NULL,NULL,0,NULL,NULL,NULL,NULL,NULL,NULL),(318,'教师','两位数学老师在检查一道相同的乘积等式时怒目相向，这是一名十岁的小学生写的。其中一位说：“这等式是正确的。”另一位说：“不，这绝对是错误的。”为什么两位老师对这简单等式的看法完全相左？','这个等式是9*9=81，但他们是从桌子的两边看这个等式的，所以，对其中一个老师来说它是对的，但对另外一个来说则成了18=6*6，是错的。',1,4,0,0,NULL,NULL,NULL,0,NULL,NULL,NULL,NULL,NULL,NULL),(319,'愚蠢的强盗','一个蒙面大盗递了一张纸条给银行出纳员，上面写着：“我有枪，交出柜台所有的钱。”出纳员照做了，而强盗也顺利逃逸。24小时内，警察逮捕到了强盗，为什么？','他利用信封背面写纸条，而信封正面写着他的姓名和住址。',1,4,0,0,NULL,NULL,NULL,0,NULL,NULL,NULL,NULL,NULL,NULL),(320,'岩石','某人正在工作，他轻触到一块岩石，然后几分钟他就过世了，为什么？','他是一名深海潜水员，岩石扎破了他的潜水装。',1,4,0,0,NULL,NULL,NULL,0,NULL,NULL,NULL,NULL,NULL,NULL),(321,'两个人','一个人在令人不快的情况下死亡，另一个距离很远的人高兴起来。他们从没见过面，彼此间也没有什么仇恨。到底是怎么一回事？','死亡的那个人是因为犯罪而被处决。另外一个人在医院里等待换肾，他已经被安排好更换那个死刑犯的肾脏。',1,4,0,0,NULL,NULL,NULL,0,NULL,NULL,NULL,NULL,NULL,NULL),(322,'轮胎如何换','有一个开长途运输的司机要出发了。他用做运输的是一辆三轮车，轮胎的寿命是2万千米，现在他要进行5万千米的长途运输，计划用8个轮胎完成运输任务，怎样才能做到呢？','如果给8个轮胎分别编号为1-8号，配用的轮胎可以用下面的组合：123（第一个组合行驶1万千米，以后每5千米换一）,124,134,234,456,567,568,578,678。',1,4,0,0,NULL,NULL,NULL,0,NULL,NULL,NULL,NULL,NULL,NULL),(323,'狭路相逢','一只蚂蚁在一个细小的通道里爬行，对面又来了一只。由于通道非常狭窄，只能容单只蚂蚁通过。幸好通道一侧有个凹处，刚好能容得下一只蚂蚁，可不巧的是，里面有一个小沙粒，把它移出来后又把通道堵住了，还是无法通行。两只蚂蚁应该怎么做才能都顺利通过呢？','由一只蚂蚁把沙粒拉出凹处，放在通道里；然后另一只蚂蚁进入凹处。再由那只蚂蚁推着沙粒往前走，当它过了凹处后，那只在凹处的蚂蚁就可以出去了。这时这只蚂蚁将沙粒拖回凹处，自己走过去。',1,4,0,0,NULL,NULL,NULL,0,NULL,NULL,NULL,NULL,NULL,NULL),(324,'颠倒','为什么镜子中的影像可以左右颠倒，却不能上下颠倒？','其实，镜子里的东西并没有左右颠倒。你在左手心里写上“左”字，右手心里写个“右”字，然后张开双臂照照镜子，就会发现“左”字还是在左边，“右”字还是在右边，并没有左右颠倒。当然，你会说：“为什么‘左’字是在镜子里那个人的右手上？”这是因为镜子里的那个人跟你是面对面的（这个道理就不用我多讲了吧，如果镜子里那个人是对着你，嘿嘿，你岂不是要吓个半死），而人体又是左右对称的，所以你如果非要把你左手的映像看成是“那个人”的右手，就会觉得“左右颠倒”了。总而言之，并不是镜子里的映像左右颠倒，而是因为你利用人体的左右对称，把左手的映像“看”成了“那个人”的右手，才会得出左右颠倒的结论。',1,4,0,0,NULL,NULL,NULL,0,NULL,NULL,NULL,NULL,NULL,NULL),(325,'判断树叶形状','如果有一片空地，上面只有一棵树，你就站在树的下面，但是你不能抬头，不能用镜子照，你能知道你头上的树叶是什么形状的吗？','你可以往后走一段距离，这样原来头顶的树叶就呈现在你眼前了，你就可以看见它的形状了。',1,4,0,0,NULL,NULL,NULL,0,NULL,NULL,NULL,NULL,NULL,NULL),(326,'智擒盗贼','一位大爷家里养了十几只鸽子。一天，他到粮店买了几斤黄豆回来喂鸽子，当他回到家门口时，发现门锁被撬，此时，室内的窃贼也听到老翁的脚步声，知道事情不妙，于是急急忙忙冲出门往楼下急逃\\n窃贼是名年轻人，长得人高马大，腰粗臂圆，而老翁是个年过七旬的瘦弱老人。但老翁灵机一动想了个办法，很容易地捉住了窃贼。试问：老翁想到的是什么办法呢？','老翁将黄豆向窃贼脚下撒去，使楼梯上立刻布满黄豆。窃贼脚下一滑，摔倒在地，老翁叫来邻居抓住窃贼。',1,4,0,0,NULL,NULL,NULL,0,NULL,NULL,NULL,NULL,NULL,NULL),(327,'货车过桥','有一辆装满货物的大货车要过一个桥洞，可是货车卜．的物品装得太多了，顶部高出了桥洞1厘米，怎么也过不去。有什么办法能让这辆货车顺利地通过桥洞呢？','把货车四个轮胎的气放掉一部分，车的高度就会下降，就能通过桥洞。',1,4,0,0,NULL,NULL,NULL,0,NULL,NULL,NULL,NULL,NULL,NULL),(328,'没被晒黑','梅华逃出森林后，借了一辆半新不旧的敞篷汽车，沿8号高速公路向南飞驶。这条公路横穿一望无垠的荒野，为南北走向。整个上午天气阴沉沉的，可一过中午，天空变得万里无云，骄阳似火。不巧，车篷已经坏了，梅华又没带帽子和防晒霜，这样会被晒黑的。正在为难之际，她忽然想出了一个好办法。这样，直到傍晚到达目的地时，她竟一点儿也没被晒着。试问，梅华到底是怎样防晒的呢？','很幸运，一辆大型牵引式货车，同梅华的车同向行驶。梅华躲在了大货车的阴影里，与货车并行，所以一点儿也没被晒着。',1,4,0,0,NULL,NULL,NULL,0,NULL,NULL,NULL,NULL,NULL,NULL),(329,'欢迎逃犯','这是一个发生在美围的故事。某日夜，一名囚犯越狱潜逃。因身穿粗格的囚衣很显眼，他不敢在路上走。何况，这时路上到处都有狱警在搜查。逃犯环视四周，并无他的藏身之处，只有对面一座大宅院的窗户内灯火辉煌，音乐阵阵，似乎有什么活动。他打算偷一身替换的衣服，便潜入了宅邸。但运气不佳，他很快就被发现了。可出乎意料的是，他受到了热烈的欢迎。于是，逃犯一边高兴地与众人周旋，一边趁乱摸进更衣室，穿上他人的衣服顺利逃跑了。试问，逃犯为什么受到欢迎呢？','该逃犯是混入了化装舞会。参加舞会的人以为他是化装成监狱囚犯，才热烈欢迎他的。',1,4,0,0,NULL,NULL,NULL,0,NULL,NULL,NULL,NULL,NULL,NULL),(330,'选美大赛','美国某院校选美大赛已接近尾声。经过几轮的角逐，只剩下四位佳丽参加最后一轮的智力比赛。风度翩翩的主持人手持话筒发话了：“下面四位小姐将为我们串一个故事。我们给出的故事引句是：‘今晚的月光很好……，’”A小姐接过话筒，信口而来：“演出结束后，我独自一人走在回家的路上，忽然身后传来一声枪响……”话筒传到B小姐手上，她接着道：“我慌忙回顾，看到一个警察在追一个持枪的歹徒……”轮到C小姐了：“经过搏斗，警察终于制服了歹徒。”故事讲到这里，似乎无话可说，可话筒此刻已递到了D小姐手中。该怎样串下去，才能使故事的结局新颖而巧妙呢？D小姐灵机一动，突然想出了一个很好的结局，最后获得本次大赛的冠军。试问，D小姐是怎样说的呢？','D小姐接口说：“写到这里，年轻的作者一把撕去稿纸。他不由得自言自语：‘如此俗套无聊的老故事，怎么能出自我的手笔呢？’”',1,4,0,0,NULL,NULL,NULL,0,NULL,NULL,NULL,NULL,NULL,NULL),(331,'理发师与顾客','理发师西多会调配各种颜色的染发水，许多顾客都愿意到这儿来染发。这天，报纸上刊登了一则通缉令，警察局悬赏一万马克缉拿凶手，并刊登了凶手的照片。西多心想，如果能得到一万马克，就可以把店堂翻修一新了。这时，一个人走进店来，随手关上门，掏出手枪，说：快给我理发，剪短些。”西多一看，这个人正是报纸上登的那凶手。他一边理发，一边想怎么通知警察。那人又要刮掉胡子，西多点点头，并建议他干脆把头发染一染。“好主意！”那个人表示同意。西多拿起四种药水准备调配，对凶手说：“染红色的','理发师给凶手染的头发，经过一个小时的化学变化，会由红色变成少有的绿色。',2,4,0,0,NULL,NULL,NULL,0,NULL,NULL,NULL,NULL,NULL,NULL),(332,'水上鞋','村里有名十分聪明的人，名叫智多。国王听说后，召他进宫当仆人。7月的一天，国王和王后在智多的陪同下一起到湖上划船游玩。王后突发奇想，说：“如果能有一双水上鞋，穿上它在湖面上玩耍，那该多好哇！”国王转过身，对智多说：“听见了没有？你能办到吗？”智多想了想，说：“陛下，我可以做这种鞋，但您必须给我时间。”国王非常高兴，说：“如果你真能做出这种鞋，我就奖赏你一双金鞋。”“好，咱们一言为定。”智多说，“不过，这鞋要等到半年后才能做好。”智多回来后，找好布料，整整用了半年时间，做好了一双普通布鞋。智多把布鞋送到宫里，说：“请王后穿上，走到湖上去吧！”王后穿上这鞋，果真在湖面上行走起来。国王直夸智多聪明伶俐，真的奖赏智多一双金鞋。试问，智多做的普通布鞋为什么能在湖上行走呢？','半年后，已是寒冬时节，湖面上结了厚厚的冰，穿上普通的布鞋当然可以在湖上行走了。',2,4,0,0,NULL,NULL,NULL,0,NULL,NULL,NULL,NULL,NULL,NULL),(333,'取回金币','从前，有一位双目失明的乞丐。他走遍庙会集市，为善良的人们唱歌解闷，换来一个个铜板。日积月累，他怀里共攒了100个金币。金币很重，带在身上既不方便又不安全，他又没有家，于是，他就悄悄把金币埋在一棵老树底下。可怜的盲人以为没人知道这个秘密，谁知已经给一个正在附近除草的农民看见了。“那个叫花子在树底下搞什么名堂？”这个农民在琢磨。等盲人一走开他便走到老树根前挖了起来。不一会儿就发现了金币，他拿着金币就回家了。过了一段时间，那个盲人需要钱花，便跑到那熟悉的树下来取钱，糟糕，那笔财产没有了！盲人想，准是有人看见我来埋钱，把钱偷走了。“唉，我这个不幸的人哪！现在该怎么办呢？”这个可怜的盲人哭了一阵之后，突然想到了个办法，把金币全要了回来。试问，他想的是什么办法呢？','盲人照旧在集市上唱歌。他唱道：“在那个秘密的地方，我埋了100块金币。明天我还将去到那里，再埋上100块金币。在那秘密的地方，我埋了100块金币……”那个偷走他金币的财迷也在赶集的人们中间。他听到盲人唱这首歌，心想：“怎么办？他明天去到那里，要是找不到他的金币，他就不会再把下一批金币藏到那里去了，我就会少得100块金币。”他连忙跑回家去，把偷来的100块金币拿来，仍旧埋在那棵老树底下，然后躲到附近的灌木丛中。集会散了，人们走尽了，盲人便赶到老树这儿来。他弯下腰，像是把什么东西埋了下去，然后慢腾腾地走开了。盲人一走，财迷便一个箭步窜到大树底下去挖钱。可是不管怎么挖，也没找到一块金币。聪明的盲人把金币转移到另一个更秘密的地方去了。',2,4,0,0,NULL,NULL,NULL,0,NULL,NULL,NULL,NULL,NULL,NULL),(334,'肖像画','美国有个资本家请一位著名的画家为他画一幅肖像。肖像画好以后，资本家却拒绝交付原来议定的5000美元的报酬。他的理由是：“画的根本不是我。”怎么办呢？画家很不痛快，因为他确实花了很大的精力才画成这幅画，而且肖像和资本家也确实很像。资本家说不像，只是为压价而做的一种无理的挑剔。画家左思右想，终于想出了一个办法，使资本家不得不以双倍的钱买下了这幅肖像画。试问，他想的是什么办法呢？','画家暂时没有卖这幅画，不久，他把这幅肖像画公开展览，并题名为《贼》。资本家知道后万分愤怒，打电话向画家提出抗议。“这事与你无关。”画家平静地说道，“你不是说那幅画画的根本不是你吗？”资本家没有办法，只得以高出一倍的价格买下了这幅画。',2,4,0,0,NULL,NULL,NULL,0,NULL,NULL,NULL,NULL,NULL,NULL),(335,'一休与将军的较量','一休小和尚的声名远播四方后，有位将军听说了很不以为然，说：“小小年纪，阅历很浅，资格很嫩，有什么大不了的。”说着，便把地方官西佑卫门叫到将军府来，嘱咐道：“你明天将一休和他那班小和尚都叫来，我请他们吃饭，顺便请教请教他。”西佑卫门便领命前去通知。第二天，一休和师兄几个往将军府走去。走到一座桥，只见桥头竖着一根铁棍，棍上横着钉了一块木牌，上面写道：“不准从两边通过。”小和尚们愣住了。一休从后边赶上，说：“不要犹豫，跟我走就是。”你知道他们是怎么过桥的吗？','他们弓着腰，从木板下面穿过，过了桥。一休解释说：“木牌上是说不准从桥两边通过。可我们是从木板下面、桥的中间走过呀。',2,4,0,0,NULL,NULL,NULL,0,NULL,NULL,NULL,NULL,NULL,NULL),(336,'奇怪的女子','一个美丽且打扮人时的女子已经在田野上来回走了好几次，而且每次都故意踩进一条15厘米深的沟中。她并没有精神上的疾病，也没有在耕作，这是为什么呢？','她是一名演员，由于和她演对手戏的男主角身高不够高，为了使两人在一起显得协调，摄制组沿着男主角的身旁挖了一条沟供女演员走动。',2,4,0,0,NULL,NULL,NULL,0,NULL,NULL,NULL,NULL,NULL,NULL),(337,'当车','某人驾了-辆劳斯莱斯汽车到了B城，他跑进一家当铺，问当铺老板：“我要当20元钱。”“你用什么来当？”当铺老板问。这人指着停在外面的那辆车：“这是车子的证书，这是车子的钥匙。”三天之后，他跑去了当铺，交回20元钱，另交了5元钱作为利息。当他走出门口时，当铺老板忍不住问道：“你们这种有钱人，难道还缺20元钱？”那人回答以后，使老板啼笑皆非。试问，那人是怎样回答的呢？','那人说：“我不缺钱。我是来这里做生意的，你们城里有什么地方可用5元钱停三天车的？”',2,4,0,0,NULL,NULL,NULL,0,NULL,NULL,NULL,NULL,NULL,NULL),(338,'教择友','古希腊哲学大师苏格拉底的三名弟子曾求教老师，怎样才能找到理想的朋友。苏格拉底没有直接回答，却让他们去麦田，只许前进，且仅给一次机会，让他们选摘一支最好、最大的麦穗。第一个弟子走几步看见一支又大又漂亮的麦穗，高兴地摘下了。但他继续前进时，发现前面有许多比他摘的那支还大，只得遗憾地走完了全程。第二个弟子吸取了教训，每当他要摘时，总是提醒自己，前面还有更好的。当他快到终点时，才发现把机会全错过了。试问，第三个弟子怎样选摘最大的麦穗呢？','第三个弟子吸取前两位的教训，当他走到三分之一时，即分出大、中、小三类；再走三分之一验证是否正确；等到最后三分之一时，他选择了属于大类中的一支美丽的麦穗。虽说这不一定是最大最美丽的一支，但他满意地走完了全程。',2,4,0,0,NULL,NULL,NULL,0,NULL,NULL,NULL,NULL,NULL,NULL),(339,'出了什么问题','力量村里出生的人都力大无比。其中有—个大力士可以轻易地举起200公斤重的东西，但有一天，他竟然连一件100公斤重的东西都举不起来，请问这是为什么？当然，他没有生病也没有受伤','因为这件100公斤重的东西是他自己。',2,4,0,0,NULL,NULL,NULL,0,NULL,NULL,NULL,NULL,NULL,NULL),(340,'抢劫大钻石','某市一个大型珠宝展览会的大厅里人山人海，热闹非凡。一名男子走到装有一粒价值连城的钻石的玻璃柜旁，抡起锤子向柜子一敲，玻璃“哗啦”一声破裂开来，男子抢出钻石，乘乱逃去。警察赶到现场，珠宝商哭诉道：“柜子是用防盗公司用特别防盗玻璃制成的，别说锤子，就是子弹打上去也不会破裂呀！”展览大厅里安装了一台监视仪，专门监视这粒巨大的钻石。但屏幕上只显示了偷盗者的手，却看不清他的脸。经过调查，认定那些碎玻璃的确是防盗玻璃。警方百思不得其解，于是向著名探险哈莱金请教。哈莱金略一思考，便根据防盗玻璃的特性指出了谁是罪犯。试问，你知道罪犯是谁吗？','防盗玻璃是难以毁坏的，但如果玻璃上有个小小的缺陷，用锤在那里一击，便会破碎。而知道这个破绽的，只能是制造防盗玻璃柜的人。',2,4,0,0,NULL,NULL,NULL,0,NULL,NULL,NULL,NULL,NULL,NULL),(341,'改懒为勤','从前有一位老汉，他一生勤勤恳恳，吃苦耐劳，可是他的两个儿子却游手好闲，好吃懒做。开始，老汉家的日子过得还算富裕，慢慢的，老汉老了，手脚迟缓了，日子越过越艰难。可两个儿子还是懒得拿锄动镢，不思劳作。后来，老汉病倒了，老伴愁得暗暗掉眼泪，对老汉说：“养了这么两个不成器的儿子，往后的日子可怎么过啊？”老汉躺在床上，心里挂念着家里今后的日子和跟了他一辈子的老伴。于是，他苦苦思索怎样才能让不争气的儿子，变成勤勤恳恳过日子的人。后来，他想了一个办法，使他的两个儿子变得勤劳起来。试问，他想了一个什么办法呢？','老汉临死前，把两个儿子叫到跟前，对他们说：“孩子，我不行了。我为你俩攒了10两银子，埋在村西地里。”说完，就没气了。兄弟两个含着眼泪埋葬了父亲，就到村西那块地里去找银子了。地里一片荒芜，兄弟俩咬紧牙关，一共刨了5天，手上起了一串血泡，地翻了两三尺深，连坚硬的田边地角都翻了个遍，也不见银子在哪里。弟兄俩慢慢泄气了。哥哥说，眼下正是播种季节，倒不如顺便先撒下麦种，等明年再说吧。弟弟同意。两人把麦种撒在松软、湿润的地里。十六七天过去了，麦苗钻出地面，顶着晶莹的露珠，很是可爱。转眼过年，麦苗长得绿油油的，被风一吹，掀起层层波浪。这毕竟是自己出力流汗种出来的，兄弟俩见到这样喜人的庄稼，打心底高兴，也就格外爱惜，用心锄草、上粪。入夏，弟兄俩把金黄的麦子收割下来，留下口粮、种子，其余拿到集市上去卖，结果不多不少，正好卖了10两银子。这时候，他俩想起父亲临死前说的话，才一下子明白父亲所说的财富意味着是什么。从此以后，兄弟俩变成了勤劳能干的庄稼汉。',2,4,0,0,NULL,NULL,NULL,0,NULL,NULL,NULL,NULL,NULL,NULL),(342,'白纸条','灯谜晚会快要结束了，悬挂着的一条条谜语，大都被人一一猜中了，最后只剩下三条没有写字的白纸条。工作人员说：“这三张白纸条，是猜一句成语，看谁能猜中？”人们立刻围过来，冥思苦想起来，可谁也答不出来。过了好一会儿，突然一个人走卜去，伸手撕下三张白纸条，转身到领奖处领奖去了。工作人员笑着说：“他猜中了。”请问，这个人猜中的是哪一条成语呢？','三思（撕）而后行。',2,4,0,0,NULL,NULL,NULL,0,NULL,NULL,NULL,NULL,NULL,NULL),(343,'三名商人','三名商人租赁到一处相邻的商场，开了三家服装店，各自独立经营。三店同时开张，围观的人等着开门。只见左侧的店主举着巨大的招牌，上面写着：“酬宾大甩卖！”右边的店主也立起一块大牌子，上面写着：“降价不惜血本！”中间的店主见了，便在门上写了一行醒日的字，结果，顾客都走进了他的店里，生意十分兴隆。试问，这是什么道理呢？','原来他在门上写了“人口处”几个醒目的大字，顾客以为从这里进去才能买到东西，所以都从这个门进来了。',2,4,0,0,NULL,NULL,NULL,0,NULL,NULL,NULL,NULL,NULL,NULL),(344,'缺秤砣','为了对市重点工程提供优质服务，果品公司决定派小王和小李到远郊一处建筑工地送西瓜。两人装了一车绿皮、红瓤、黑子的“苏蜜”西瓜，带上一架小台秤出发了。一路上山路崎岖，快到下午时才到工地。卸车时，小李发现那架小台秤除了底砣和一个2公斤的砣以外，其余的砣全在颠簸的路上丢了。这样，这台秤最多只能称2公斤，可是西瓜大的就有6-7公斤，小的也有3-4公斤，怎么办呢？打听了一下，因工地落在半山坡上，想借吧，附近也没有。工人们兴高采烈地来买西瓜，一听没法过秤，都很扫兴。有个小伙子出主意说：“要不把西瓜切成儿块，慢慢称吧？”这时一旁有个老工人说：“那又何必呢？”他只用了几分钟的时间，就使这台秤恢复了原来的称量。试问，他用的是什么方法呢？','先把那个2公斤的砣放在秤上称出重量，然后用手帕包上沙子或别的东西，称出几倍2公斤的砣的重量，把它系在底砣上，就可以称西瓜了。',2,4,0,0,NULL,NULL,NULL,0,NULL,NULL,NULL,NULL,NULL,NULL),(345,'巧裁缝','明朝嘉靖年间，京城有一名裁缝，远近闻名。他缝制的衣服，长、短、宽、窄无不合体，穿在身上既舒服又大方。有一位御史大夫让他做一套官服。见面后，他请御史说一说哪年科举及弟、担任御史已有几年；同时，又向御史的管家打听主人的性格——偏偏没有量尺寸。御史深感奇怪，心想，做衣服要知道这些有什么用？这个裁缝该做的事不做，连尺寸也不知道，能做衣服吗？几天后，裁缝把官服送去，御史穿上，果然合身得体。御史更觉奇妙，请他来问个究竟。当裁缝回答后，御史十分佩服。试问，裁缝是怎样回答的呢？','裁缝回答说：“大人身高多少，体形如何，我凭经验就可以目测出来，何必量尺寸呢？弄清资历，却必不可少。年纪轻轻就中进士的，因为春风得意，必须意气高昂，爱抬头挺胸，做衣服就要前襟长些，后襟短些；年纪比较大，到了中年才中进士，意气微平，做衣服就要前后一样长；老年才中进士的，或者做官多年未获升迁的，略显消沉，一定爱低头沉思，做衣服就要前短后长。还有，性格急躁的，衣服就短些；性格缓和的，则要长些。所以，不知资历，就做不好衣服。”御史听后，深感佩服。',2,4,0,0,NULL,NULL,NULL,0,NULL,NULL,NULL,NULL,NULL,NULL),(346,'管仲买鹿','齐桓公依靠管仲把国家治理得很好，征服了许多割据一方的诸侯国。但是，楚国却不肯听齐国的号令，若不能征服楚国，齐国就不能成为中原霸主。那么，如何征服楚国呢？齐国好几位大将向齐桓公请战，要求率重兵去打楚国。担任相国的管仲却连连摇头，他对将军们说：“齐楚交战，旗鼓相当，够一阵拼杀的。战争将用完齐国辛辛苦苦积蓄下来的粮草，更何况，齐楚两国几万生灵将成为尸骨！”将军们哑口无言，都用询问的目光注视着功劳卓著的管仲。管仲却不慌不忙，带领许多人看炼铜去了\\n一天，管仲派一百多名商人到楚国去购鹿。鹿是齐国稀少的动物，仅楚国才有。但楚人只把鹿作为一般的动物，用很少的钱就可以买一头。管仲派去的商人按管仲的授意，在楚国到处扬言：“齐桓公好鹿，不惜重金。”齐国商人抬价购鹿，三枚铜币一头。过了十天，加价五枚铜币一头。楚成王和大臣闻知此事后颇为高兴，他们认为繁荣昌盛的齐国即将遭殃，因为十年前卫国的国君因好鹤而把国亡了，齐桓公好鹿，很可能蹈其覆辙。楚成王想，等齐国大伤元气后，我们好取而代之。管仲竞把鹿价又提高到40枚铜币一头。依靠这一办法，不久，齐国征服了楚国。试问，这是什么道理呢？','楚人见一头鹿的价钱与千斤粮食相同，便纷纷制作猎具，奔往深山捕鹿，不再好好种田了。连楚国的官兵也陆续将兵器换成了猎具，偷偷上山了。一年之后，楚国的铜币堆成了山，但粮食严重短缺，出现了严重的饥荒。楚人想用铜币去买粮食，却无处可买。因为管仲早已发出号令，禁止各路诸侯与楚通商。这么一来，楚军人饥马瘦，战斗力大大下降。管仲见时机已到，集合各路诸侯大军，浩浩荡荡开往楚境，势如破竹。楚成王内外交困，无可奈何，忙派大臣求和，同意不再割据一方，欺凌小国，保证接受齐国的号令。',2,4,0,0,NULL,NULL,NULL,0,NULL,NULL,NULL,NULL,NULL,NULL),(347,'辨风察敌','有一次，大将军年羹尧奉朝廷之命，率军征讨边疆发生的叛乱，行至落笼宗时，大军安营扎寨，驻扎下来。半夜时分，年羹尧忽然听到一股疾风从西南而来，转瞬之间消失了。他吃了一惊，感觉到有什么意外情况将要发生，立刻派人叫来一位精明的参将，让他火速率领轻兵三百骑驰往西南方向的密林搜查贼匪。这位参将心想：大家今天还在议论，敌军离这里还有千里之遥，怎么会转眼之间前来偷袭？大将军该不会草木皆兵。然而，年羹尧一贯军令如山，参将只好半信半疑地率领着轻兵出发，行至一片密林，只见几百名敌兵屯聚在那里，策划着劫营的阴谋。参将趁他们不备，指挥部下发动突然袭击，一举歼灭了这股敌兵。参将得胜归来后，以敬佩的心情向年羹尧请教，问他如何判断出敌人前来劫营的。试问，年羹尧是怎么知道有敌人前来的呢？','西南风，来得急，去得快，但那绝不是风，而是群鸟飞翔时双翼翻动的声音。在夜里鸟群应该在森林中安宿，现在它们突然飞出树林，肯定是受到很大的惊吓。根据这种迹象，年羹尧判断敌兵有可能藏在西南方的树林中。',2,4,0,0,NULL,NULL,NULL,0,NULL,NULL,NULL,NULL,NULL,NULL),(348,'撞人逃跑','某年年底，在某地一座大桥东侧，一辆驴车因下坡时车速过快，将路边一行人撞倒。驴车老板赶忙把伤者送往医院。当办理往院手续时，车老板却丢下驴车逃跑了。被撞者李某与其同伴谢某二人想了一个办法，居然把撞人的车主找到了。试问，他俩想的是什么办法呢？','他们想出个信“驴”由缰的主意。于是，两个人坐在驴车上，任由那毛驴一路向西直跑了约50千米路程，最终在某村径直拐进一农家村舍，二人向院内一看，逃跑的车老板正在院内。',2,4,0,0,NULL,NULL,NULL,0,NULL,NULL,NULL,NULL,NULL,NULL),(349,'头脑聪明的间谍','在尚未出现火车、汽车、飞机等交通工具的江户时代，邮件均借由人的双脚，像跑马拉松似的传递。送信者被称为“飞脚”。从江户（东京）至京都，一般费时约十二日。即使是现在最快的运动员，走这段路也得花四天。但在江户市区有一位头脑很好使的“隐密”，“隐密”就是间谍、秘密情报员。这位间谍与京都同伴联络，只需半天时间，即可成功地将秘密文书送至目的地。那么，他到底是利用了何种技巧，竞能如此快速联络成功的呢？','利用信鸽。',2,4,0,0,NULL,NULL,NULL,0,NULL,NULL,NULL,NULL,NULL,NULL),(350,'瞄准目标的秘密','这是日光灯尚未普及的时代发生的事件。一天晚上，女间谍回到大楼私宅，进入寝室。她按下门边的开关，但电灯未亮。灯泡挂在天花板上。女间谍觉得很奇怪，再重开一次开关，灯泡还是不亮，她想：可能是灯泡接头松了。于是她去拧紧灯泡，当灯泡转紧的瞬间，电接通，灯泡亮了。然而，就在这一瞬间，“砰”的一声，她被击毙了。狙击手是从三十米外的大楼发射子弹的。可是，寝室的窗户隔了一层厚窗帘，即使开了灯，应该也看不到她的影子。为什么狙击手只射了一发子弹，就正中目标，将女间谍击毙了呢？','握灯亮的瞬间——狙击手先将寝室的灯泡弄松。不知情的女间谍进入寝室之后按下开关，灯泡并没有亮，于是她将灯泡转紧，通电。换言之，这个时候，她正好站在电灯下方。狙击手知道，当寝室灯泡亮起的瞬间，她正好位于灯泡下方。即使隔着窗帘无法看见她的身影，还是能正确地一发击中目标，狙击手事先已经测好寝室灯泡的位置了。',2,4,0,0,NULL,NULL,NULL,0,NULL,NULL,NULL,NULL,NULL,NULL),(351,'用得最少的东西','老师在一堂课上训练同学们的思维能力。老师说：“我们每个人都有许多东西属于我们自己的，我们天天用它。比如说手，我们用它干什么？”同学们齐声答：“用来洗脸，吃饭。”老师又问：“那么腿呢？”同学们又齐声答：“用来走路，站立！”老师停了一下说：“但我们每个人都有一样东西，是自己用得少，而别人用得多。你们说这是什么？”这下同学们的答案可就多了，但是老师都说不对。你知道答案是什么吗？','是我们每个人的名字。',2,4,0,0,NULL,NULL,NULL,0,NULL,NULL,NULL,NULL,NULL,NULL),(352,'养鱼人','有一户人家养了一池塘鱼，常常有成群的鸬鹚来捉鱼。养鱼的人便扎了一个稻草人，让它穿上蓑衣，戴上斗笠，拿着竹竿，然后把它插立在池塘里，用来吓唬鸬鹚。起初，鸬鹚看见稻草人，有点害怕，只在天上飞，不敢落下来。后来，它们看清了底细，便依旧飞下池塘来捉鱼，有的还站在稻草人的斗笠上休息，安然自得，一点儿也不害怕。养鱼人看到这种情景，又想了一个办法，使鸬鹚再也不敢来了。试问，养鱼人想的是什么办法呢？','养鱼人悄悄地拿走了稻草人，自己披上蓑衣，戴上斗笠，拿起竹竿，站在鱼塘中。鸬鹚照旧成群结队地飞到池塘里捉鱼，并又站到斗笠上去。那人一伸手便抓住了鸬鹚的脚，鸬鹚挣扎不脱，哀鸣、拍翅不已，吓得大群鸬鹚赶快逃走，从此再也不敢来了。',2,4,0,0,NULL,NULL,NULL,0,NULL,NULL,NULL,NULL,NULL,NULL),(353,'被炸死的音乐家','奥地处首都维也纳是有名的音乐之都，莫扎特、贝多芬、肖邦等均曾活跃于此，他们都写出了不少脍炙人口的世界名曲。某一天，维也纳市内发生了奇怪的爆炸事件。独居的小提琴手外出归来，在二楼房间准备下周的演出时，室内突然发生爆炸，他当场死亡。警方到现场发现窗户玻璃碎片中混有较薄的玻璃碎片——好像是酒杯的碎片。炸药是硝化甘油或硝化纤维制成的，但室内完全没有火，也没有找到定时炸弹的碎片。既然不是定时炸弹，为什么会在被害人回到家练琴时准时爆炸呢？警方为了寻找破案的线索，逐一拜访了邻近的居民。“哦！我好像听到过高音阶的小提琴……然后就轰然一声，发生爆炸了。”依据一位邻居的证词，警方得知爆炸之前，被害人反复练习小提琴最强音阶的曲调。于是警方解开了爆炸之谜，识破了犯人的伎俩。到底真相如何呢？','共鸣振动，犯人在被害人外出时，悄悄潜入其家中，将放人大量硝化甘油的酒杯藏在二楼房间的书架上。不久，被害人返回家中开始练小提琴。在反复弹相同曲调的最强音时，因声音的振动，与酒杯正好发生U字形音叉般的共鸣，使薄玻璃裂开。玻璃裂开后，硝化甘油溢出，这成为引爆剂，使藏在书架下的火药爆炸。硝化甘油是非常危险的液体，只要有一点冲击就会爆炸。',2,4,0,0,NULL,NULL,NULL,0,NULL,NULL,NULL,NULL,NULL,NULL),(354,'虚幻的对面来车','一个深夜，小偷史邦驾车行驶在崖边海岸的道路上，急转弯后，突然看见前方有对面来车的前照灯。那车与史邦的车速度相同，渐渐靠近。这条路很窄，史邦想离开中央线，于是将方向盘往右转。没想到对方来车也和自己的方向一样，向左打方向盘。马上就要迎面撞上了，已经到了无法避免的境地。“糟了！完蛋了！”史邦急得大叫。最后，史邦干脆闭起眼睛，将方向盘往左转。接下来的瞬间，他的车冲过护栏，掉落悬崖，跌人海中了。幸好，史邦立即逃离车体，浮上海面，捡回一命。这个怪事，事实上是梅琦设计的。最近，史邦经常假借梅琦之名做坏事，所以她设计了这一事件，算是对他施予的惩罚。但奇怪的是，在史邦转方向盘时，对面一辆车也没有。另外，现场也没有留下对该车为避开史邦的车而滑动的轮胎痕迹。各位请推理一下，梅琦到底使用了什么奇特的方法？','梅琦在其行驶的前方道路上立了一面大镜子。因此，小偷史邦的车头灯映在镜子上，就产生了对面出现来车的错觉．史邦慌乱急转方向盘，跌入海里。',2,4,0,0,NULL,NULL,NULL,0,NULL,NULL,NULL,NULL,NULL,NULL),(355,'巧手辨颜色','在大街上的一个小货摊前面，摆着许多精致光滑的罐子，有白色的，有黑色的。温暖的阳光洒在上面，闪闪烁烁，光彩照人。货主不停地吆喝着，招揽来往的行人。有个盲人听到喊声走过去，向货主说：“我想买个罐子，不知道是什么样的？”货主忙做了一番介绍。然后说：“先生，这是最好的罐子，我不欺骗你——骗人要受到惩罚的！买一个吧，几百个罐子，卖得就剩这几个了。”说着连连敲打着罐子，发出清脆的响声。盲人又问：“你的罐子是什么颜色的？”“四个白的，一个黑的，一共五个。”货主说：“白的两元一个，黑的三元一个。别看黑的贵，一分钱一分货，黑的结实、耐用。”“那就买一个黑的吧。”盲人说着掏出钱付给货主。奸诈的货主收下钱，眼珠子骨碌一转，把一只白罐子给了盲人。盲人接过罐子，上下摸了个遍，又伸手摸其余四个。摸过后，盲人突然高声喊道：“你这个狡猾的商人，为什么欺骗一个双目失明的人！”请问，盲人是怎么知道商人在欺骗他的？','原来，白罐子反射阳光，黑罐子能吸收阳光。在阳光照射下，黑罐子被晒得热乎乎的，白罐子只稍微有点热，用手一摸，就能感觉出是黑是白。',2,4,0,0,NULL,NULL,NULL,0,NULL,NULL,NULL,NULL,NULL,NULL),(356,'滞销书','一名出版商有一批滞销书久久不能脱手，他忽然想出了一个非常妙的主意：给总统送去一本这种书，并三番五次去征求意见。忙于政务的总统不愿与他多纠缠，便回了一句：“这本书不错。”出版商便大做广告：“现有总统喜爱的书出售”。于是这本书被一抢而空。不久，这个出版商又有书卖不出去，于是又送了一本给总统。总统上过一回当，想奚落他，就说：“这本书糟糕透了。”出版商闻之，脑子一转，又做广告：“现有总统讨厌的书出售”。又有不少人出于好奇，争相购买，书又售尽。第三次，出版商将书送给总统，总统有了前两次的教训，便不回答。但出版商却又以此赚了不少钱。试问，出版商这次是如何做广告的呢？','出版商大做广告：“现有令总统难以下结论的书，欲购从速”。果然再次被抢购一空。',2,4,0,0,NULL,NULL,NULL,0,NULL,NULL,NULL,NULL,NULL,NULL),(357,'巧妙的回答','远山将军请一休和寺里的小和尚到他府中吃饭，饭后，每个小和尚分到一个双层糕点。一休刚吃了两口，将军便发难道：“一休，你吃的双层糕，哪一层味道更好？答不出，你就留在这里为我打扫10天房间。”可一休立刻答了出来。试问，一休是怎样回答的呢？','一休双手拍了两下，说：“将军，这就是答案。”“什么？”将军困惑不解。“您说左手拍得响，还是右手拍得响？”将军被难住了，只得说：“这可无法分辨出来。”一休于是说：“将军，双层蛋糕的答案，也同此差不多。”将军不得不认输，并立即传唤仆人，摆出丰盛的宴席招待一休他们。',2,4,0,0,NULL,NULL,NULL,0,NULL,NULL,NULL,NULL,NULL,NULL),(358,'张飞和关羽的年龄','张飞和关羽是三国时期有名的武将。他们的威名扬遍天下，但是他们不喜欢别人说他们两个人年老力衰。有一次，一个小孩不知道他们的脾气，来问他们的年龄。张飞问了小孩的年龄后，大怒说：“你太淘气了，这么小年纪就来冒犯我们。你听着，你关羽爷爷的年龄倒着读是你张飞爷爷的年龄数；我和你关羽爷爷的年龄差除以2是你的年龄数，你张飞爷爷比你的年龄大9倍。你知不知道我们的年龄？”小孩被张飞吓得说不出话来。你快帮帮这个小孩吧！','关羽54岁，张飞45岁。',2,4,0,0,NULL,NULL,NULL,0,NULL,NULL,NULL,NULL,NULL,NULL),(359,'小偷没有脚印','一天晚上，海边的一幢别墅遇盗，小偷偷走了许多珍贵财物。从现场看来，小偷是从打开的窗户逃走的，从窗户下面到海边沙滩留下了小偷清晰的脚印，但到了沙滩的中部便突然消失了，你知道小偷是怎么逃走的吗？','小偷是在涨潮的时候驾小船来到别墅的，他来到海边偷东西时，潮水还没退，所以又驾小船回去了。此后潮退了，沙滩上很长一段就没有脚印了。',2,4,0,0,NULL,NULL,NULL,0,NULL,NULL,NULL,NULL,NULL,NULL),(360,'猪八戒的私房钱','猪八戒喜欢贪小便宜，他总是乘孙悟空不在身边的时候，藏一些私房钱留着买零食吃。猪八戒藏了100天，身上的腰包渐渐鼓了起来。有一天夜里，他偷偷地跑到厕所借用烛光数钱。他发现自己腰包里有1元、5角、1角的三种纸币共17张，总值10.10元。其中1角的比5角的纸币多3张。忽然，猪八戒一不小心就把烛光吹灭了，这时厕所里没有亮光，一片漆黑，猪八戒不知道1元的纸币有多少张。你能帮呆头呆脑的猪八戒算出他身上有多少张1元的纸币吗？','8张。\\n因为总数有1角的，而总张数只有17张，那么1角的只有可能是6张；如果是11张，5角的就有8张，超过17张。所以1角的有6张，5角的有3张，共2.1元。那么1元的就是8张了。',2,4,0,0,NULL,NULL,NULL,0,NULL,NULL,NULL,NULL,NULL,NULL),(361,'逃出大楼','提起日本，总让人联想到和服。在京都，有个春日的黄昏，一栋十层的老旧建筑物发生了火灾，造成了许多人死亡的惨剧。由于无逃生用的紧急楼梯，才使事态扩大至此。火苗从六楼窜出，立即往上向七八楼扩散。住在这些楼层的人几乎无一幸免，全被浓烟呛倒，死于火灾当中。然而，在八楼806室澡堂服务的六位男女却奇迹般地逃生成功。这六人均从窗户逃生。八楼距离地面有二十六七米之高，而且一楼是水泥道路，从这么高的窗户往下跳，必死无疑。此外，八楼也没有准备逃生用的绳索。那么，这六人到底是如何脱逃的呢？窗外并无阳台或踏脚处','这六位男女均着和服。和服有带子，带子的长度，无论男用或女用，都在三点五米左右。将六人的带子连接，即可形成一条长绳索，从八楼的窗户往下垂，抓住绳索，即可一人接着一人，依次逃生。六条和服腰带制成的绳索，大约可从八楼垂至二楼。而女性和服除了腰带之外，还有其他几条装饰带，全部加以利用，即可使他们平安地降落地面。',3,4,0,0,NULL,NULL,NULL,0,NULL,NULL,NULL,NULL,NULL,NULL),(362,'追捕逃狱犯','某个初秋的夜晚，监狱中有位囚犯逃掉了。他以工作场合中的木棒当高橇，跨越了高耸的围墙逃狱。接着，他穿过围墙外的空地，逃进了杂树林。由于被雨打湿的地面上留下了清楚的脚印，于是，警察带来优秀的警犬，追踪逃犯的逃跑路线。警犬仔细嗅过空地上囚犯的足迹之后，一直循此足迹前进，进入杂树林。但追到途中，不知为什么警犬突然停止，左顾右盼，一步也不前进了。逃狱犯并没有换别的鞋子继续逃亡，他的脚上始终是同一双鞋。那么，罪犯使用什么手段骗过了警犬呢？','改变脚味逃走。逃狱犯在森林中脱下鞋子往鞋里撒尿，再穿上继续往前逃。如此一来，由于足迹的味道改变，警犬也被弄糊涂了。在森林中，因为地面有落叶，不但能遮盖小便痕迹，也不会留下足印。',3,4,0,0,NULL,NULL,NULL,0,NULL,NULL,NULL,NULL,NULL,NULL),(363,'掉入陷阱的男子','养蜂人小西五郎，每年一到初夏，便会驾车载着蜜蜂巢箱到北海道来。去年，巢箱的蜂蜜被熊吃掉了，所以今年他在熊出现的路上挖了个大坑做陷阱，防止巢箱再度被袭。如果野兽掉入这个陷阱，就会被夹子紧紧夹住。即使熊再有力，也逃不出去。挖坑时，由于不知熊何时会来袭，他将猎枪放在了附近的草丛里。陷阱终于做好了，小西五郎在草地上坐着休息。这时候，背后森林中走出了两名男子，说要借火点香烟。但当他将打火机交给对方时，这两人突然向他推过来，他掉进了陷阱。掉人陷阱的小西五郎一只脚被夹住，痛苦地发出了悲鸣声。这两名男子其实是杀人犯，“哈哈！正好有捉熊的陷阱。你的车我们就接收啦！快逃！”“逃命之前，先填饱肚子吧！”两人进入小西五郎的车内，吃起了车上现成的食物。突然，车门被打开。“举起手来！反抗就开枪！”小西五郎手持猎枪命令道。原本一只脚被夹住，动弹不得的他，到底是怎么逃出陷阱的？','小西五郎的脚是假肢。小西五郎孩童时期曾掉落陷阱，当时被截掉了一只脚，装上了假肢。被两位男子推下陷阱时，正好是假肢被夹住了。所以，在那两个男子往汽车走去的时候，小西五郎立刻拆下了假肢，从陷阱中爬出来，拿出藏在草丛里的猎枪，出其不意地捕捉到了犯人。掉落洞穴时发出的痛苦悲鸣声，其实是骗对方的把戏。',3,4,0,0,NULL,NULL,NULL,0,NULL,NULL,NULL,NULL,NULL,NULL),(364,'智取宝剑','一休跟随将军的侍从西佑卫门来到将军的住处，将军从墙上取下一把宝剑，说：“一休，你既不能靠近我，也不准你动手，须将我的剑从鞘里拔出来。”  一休说了一句话之后，宝剑就出鞘了。将军不得不说一休实在是聪明。他是怎么说的？','一休说：“我当然能够。不过，要请西佑卫门先生检查一下宝剑，看看是不是能用手抽出来，如果抽不出来，我当然也抽不出来了。”将军接受了这个请求。西佑卫门毫不费力就把剑从鞘里拔出来了。“哈哈哈，我赢了。”一休笑道，“我一没靠近你，二没自己动手，已经委托西佑卫门先生把剑从你剑鞘里拔出来啦。”',3,4,0,0,NULL,NULL,NULL,0,NULL,NULL,NULL,NULL,NULL,NULL),(365,'相连的月份','想一想，哪两个相连的月份都是31天？','你可能马上会想到7月和8月，但是你是不是忘了还有12月和1月呢？',3,4,0,0,NULL,NULL,NULL,0,NULL,NULL,NULL,NULL,NULL,NULL),(366,'机械表的动力','电子表的动力是电池中的电能，可是你知道机械表的动力是什么吗？','机械表的动力来自一组扁平的弹簧圈，称为发条，分为手工上链与自动上链两种，不必使用电池，其中自动上链是依赖自动盘的力量运转的。但是无论哪种机械表，上发条都是靠人来做。所以，机械表的动力都是人力。',3,4,0,0,NULL,NULL,NULL,0,NULL,NULL,NULL,NULL,NULL,NULL),(367,'熊是什么颜色的1','一口井深20米，一只熊从井口跌到井底，花了2秒钟。请问：这只熊是什么颜色的？','这只熊是白色的。其原因是：地球不是圆的，而是椭圆。根据万有引力，离地球地心越近，地球引力越大。再根据地理知识，地球上两极离地球地心较近，也就是说，只有在两极，熊才能在2秒钟的时间里下落20米，在其他的地方是不可能实现的。而南极没有熊，北极只有一种北极熊，当然是白色的。',3,4,0,0,NULL,NULL,NULL,0,NULL,NULL,NULL,NULL,NULL,NULL),(368,'熊是什么颜色的2','一口井深20米，一只熊从井口跌到井底，花了2分钟。请问：这只熊是什么颜色的？','这只熊下落的速度这么慢，只能是充气的玩具熊，内装空气，下落阻力约等于重力，所以要2分钟。那么它的颜色不定。',3,4,0,0,NULL,NULL,NULL,0,NULL,NULL,NULL,NULL,NULL,NULL),(369,'一封来自国外的信','有一天，汤姆收到一封来自国外的信，信的内容是这样的：“今天是我来到以色列的第5天，我去了它和约旦接壤的国界附近，在那里的湖中痛快地游了一次泳。以前，你们一直嘲笑我是一个旱鸭子，可我这一次的表现实在是太棒了！我发现游泳真的是一种享受。我既能够游自由泳，也能够游仰泳。当我伸展四肢浮在水面上仰望蓝天、白云时，我简直像进了天堂。我葚至还吸了一口气潜入水下。事后我才知道我的下潜深度已经达到海平面下390米，而我竟然没有使用任何潜水工具。说了这么多，你一定认为我是在撒谎，但我说的是千真万确的，只不过游泳之后皮肤感到很粗糙……”看了上面的这封信，汤姆一直觉得他的朋友是在吹牛。那么他是在吹牛吗？可信度到底有多少？','他没有吹牛。因为他游的是死海，死海中所含的盐分很高，几乎是一般海水的7倍，所以浮力很大，人在水中根本就不会下沉。死海比海平面低390米，所以只要下潜一点点，就到了海平面以下390米了。',3,4,0,0,NULL,NULL,NULL,0,NULL,NULL,NULL,NULL,NULL,NULL),(370,'荒谬的法律','古时候，有一个国家的国王为了让更多的男人能有多名妻子，就颁布了这样一条法律：一位母亲生了她的第一男孩后，她就立即被禁止再生小孩。这样的话，有些家庭就会有几个女孩而只有一个男孩，但是任何一个家庭都不会有一个以上的男孩，所以，用不了多久女性人口就会大大超过男性人口了。你认为这条法律可以实现他的“愿望”吗？','不可能。按照统计，妇女所生的头胎男女比例各占一半。如果母亲生了男孩就不能再生孩子。生女孩的母亲仍然可以生第二胎，比例是男女各占一半。因此，将各轮生育的结果相加起来，男女比例始终相等。当女孩们成长起来成为新的母亲时，上面的结论同样适用。',3,4,0,0,NULL,NULL,NULL,0,NULL,NULL,NULL,NULL,NULL,NULL),(371,'爬楼梯','甲乙两人比赛爬楼梯，甲的速度是乙的两倍，当甲爬到9层时，乙爬到几层？','第5层。如果同时从1楼开始，甲到第9层时实际是爬了8层，而乙是爬了4层，恰到第5层。',3,4,0,0,NULL,NULL,NULL,0,NULL,NULL,NULL,NULL,NULL,NULL),(372,'跳高','一个正常人怎样才能跳得比双层巴士高？','怎样跳都可以，因为巴士不会跳。',3,4,0,0,NULL,NULL,NULL,0,NULL,NULL,NULL,NULL,NULL,NULL),(373,'校规','小明：“老师，我想去洗手间。”老师：“要是你找到一条校规批准学生在上课时可以去洗手间，我便让你去。”于是小明真的找到一条校规使老师不得不让他去，那是什么？','请保持教室清洁。',3,4,0,0,NULL,NULL,NULL,0,NULL,NULL,NULL,NULL,NULL,NULL),(374,'奇怪的照片','什么照片，看后不能认出是谁？','X光片。',3,4,0,0,NULL,NULL,NULL,0,NULL,NULL,NULL,NULL,NULL,NULL),(375,'懒惰的警员','在一个寒冷的夜晚，一名警员被上头派去看守一辆一名疑犯的汽车，确定其是否在深夜外出。但是天气实在太寒冷，警员想了一个方法使他可以离开到早上回来就可以知道疑犯汽车有没有外出。到底他用了什么方法呢？','用粉笔在四个轮子前各划一条粗线，如果其中一条或以上的粉笔痕迹脱了色，这表示车子曾经离开过了。',3,4,0,0,NULL,NULL,NULL,0,NULL,NULL,NULL,NULL,NULL,NULL),(376,'货车过桥','一辆大型货车，总重量十吨。这货车要过一座承重只有八吨的桥，但仍能以正常速度驶过，你认为有这可能吗？为什么？','有可能。如桥的本身比货车的车身短，货车便可以驶过了，因为货车的总重量不会同时压在桥身上。',3,4,0,0,NULL,NULL,NULL,0,NULL,NULL,NULL,NULL,NULL,NULL),(377,'数学题','有3个数的积与和是一样的，那三个数是什么呢？','1、2和3.',3,4,0,0,NULL,NULL,NULL,0,NULL,NULL,NULL,NULL,NULL,NULL),(378,'风','有风不动无风动，不动无风动有风。猜一物件','风扇。',3,4,0,0,NULL,NULL,NULL,0,NULL,NULL,NULL,NULL,NULL,NULL),(379,'好胃口','一口吃掉牛尾巴，猜一汉字','告。',3,4,0,0,NULL,NULL,NULL,0,NULL,NULL,NULL,NULL,NULL,NULL),(380,'哪一杯是水','两个杯里分别装有一种无色、无味、不能相互混合并且比重不同的液体，其中一种液体是水。请问：用什么方法才能把水辨别出来（不能亲自去尝）?','往杯里面加几滴水，看水滴是否和上层的液体混合在一起，能混合的即为水。',3,4,0,0,NULL,NULL,NULL,0,NULL,NULL,NULL,NULL,NULL,NULL),(381,'糟糕的物流公司','硅谷一家大集团致电欧洲供应商，要求订一批半导体材料，这家大集团非常精确地指定交货日期。但是，信誉良好的欧洲供应商每一批交货日期都至少有一个月的误差，有些货物早送到，有些货物却迟交。硅谷大集团打电话质问其原因，欧洲供应商说他们的货物都是由物流公司经营的，物流公司却说他们是按照合同上的时间按时送达的。那么问题出在哪一个环节呢？','问题出在日期的书写方式不同。美国公司普遍用的日期格式是月月/日/年，欧洲供应商用的日期格式是日/月/年，比如，美国公司要求的是2004年7月5日送货，就表示为7/5/04，而欧洲供应商就会把7/5/04的货物在5月7日送达。',3,4,0,0,NULL,NULL,NULL,0,NULL,NULL,NULL,NULL,NULL,NULL),(382,'谁流汗多','两只狗赛跑，甲狗跑得快，乙狗跑得慢，跑到终点时，哪只狗身上流汗多？','都不流汗。狗的皮肤汗腺不发达，所以即使是在大热天或运动之后，也不会出汗。狗经常伸出舌头喘气，让体内部分水分由喉部和舌面排出，这是狗散发体内热量的一种方式。',3,4,0,0,NULL,NULL,NULL,0,NULL,NULL,NULL,NULL,NULL,NULL),(383,'跷跷板','添添在跷跷板的一边放了一个篮球，而另外一边放了同样重量的冰块，跷跷板会怎样倾斜呢？','当冰块开始融化，冰块的重量就会减轻，而篮球也随之滚落，跷跷板最终向冰块一侧倾斜。',3,4,0,0,NULL,NULL,NULL,0,NULL,NULL,NULL,NULL,NULL,NULL),(384,'过桥','一辆货车满载着6吨的钢索前进，但在行进中遇到了一座桥梁。桥头的标志牌上写着：最大载重量7吨。然而，仪货车车身就重2吨，再加上钢索，明显超过了桥的载重量。你能想办法帮司机通过这座桥吗？','钢索的总重量虽然很大，但是整个重量是分布在全部长度上的。所以，可以把钢索放在地上，由货车拖着过桥，使分摊在桥上的重量不超过桥的载重量，便可以顺利通过大桥。等过了桥，再把钢索装到车上即可。',3,4,0,0,NULL,NULL,NULL,0,NULL,NULL,NULL,NULL,NULL,NULL),(385,'倒硫酸','一个不规则的透明玻璃瓶，上面只刻着5升、10升两个刻度，而里面装了8升硫酸，现在需要从中倒出5升，其他的瓶子上都没有刻度，硫酸的腐蚀性又大，请你帮助想想，用什么办法一次就能准确地倒出需要的量？','往瓶里放人大小不同的玻璃球，使液面升到10升刻度处，然后往外倒至5升刻度处。这是利用玻璃球不被硫酸腐蚀的特点。',3,4,0,0,NULL,NULL,NULL,0,NULL,NULL,NULL,NULL,NULL,NULL),(386,'CD的纹路','一张CD唱片转速是100转/分钟，这张CD唱片能运转45分钟。请问：这张CD唱片总共有多少条纹路？','一张CD唱片只有一条纹路。',3,4,0,0,NULL,NULL,NULL,0,NULL,NULL,NULL,NULL,NULL,NULL),(387,'钱塘江的潮水','每年七八月份是钱塘江涨潮的季节。七月的一天，钱塘江岸边不远处停着一只船，船上挂着一根打了结的绳子，结与结之间间隔25厘米。最下面一个结刚好接触到水面。潮水每小时以20厘米的速度上涨。请问：要经过多少时间潮水可以把绳子的第四个绳结淹没？','对于这种物理现象，要考虑各方面的问题。在这个问题中，如果不考虑水涨船高绳也高的现象，那么潮水是永远都不会淹没第4个绳结的。',3,4,0,0,NULL,NULL,NULL,0,NULL,NULL,NULL,NULL,NULL,NULL),(388,'油漆的颜色','杰克想把花园里的篱笆涂上黄色的油漆，但是家里只有红、绿、蓝3种颜色的油漆，他应该怎么做呢？','他应该到商店买黄色的油漆。你可能会想到用红、绿、蓝3种颜色的油漆调制出黄色，但是红、绿、蓝3种颜色油漆的组合，是不可能调出黄色油漆的。红、黄、蓝才是颜料的三原色，而红、绿、蓝则是光线的三原色。',3,4,0,0,NULL,NULL,NULL,0,NULL,NULL,NULL,NULL,NULL,NULL),(389,'收藏夹','钱教授是个银币收藏家，有一天经过古玩店，他看到一个刻着“公元前12年”的铜币，价钱亦属合理，但为何他没有买回家呢？','那是伪造的钱币，公元前的人根本不知道自己活在公元前。',3,4,0,0,NULL,NULL,NULL,0,NULL,NULL,NULL,NULL,NULL,NULL),(390,'测牛奶','有一个牛奶瓶，其下半部分是圆柱形，高度为整个瓶高的3/4；其上半音分形状不规则，占瓶高的1/4。现在瓶内只剩半瓶牛奶，在不打开瓶塞的情况下，利用一把直尺，怎样测定这些牛奶占整个牛奶瓶的百分比？（注：牛奶瓶的内径在求百分数时可以不计。）','先把牛奶瓶正放，用直尺量出瓶子里牛奶的高度；再把瓶子倒过来，量出从牛奶的液面到瓶底的高度。牛奶在瓶子圆柱形部分占的高度和第二次量的空余部分占瓶子圆柱形部分的高度相加，就是整个牛奶瓶容积圆柱体高度。这样，就可以用牛奶的高度占整个牛奶瓶高度的百分比算出牛奶占整个瓶子容积的百分之几了。',3,4,0,0,NULL,NULL,NULL,0,NULL,NULL,NULL,NULL,NULL,NULL),(391,'不落的苹果','把一个苹果系在一根3米左右长的线的一端，另一端系在高处，把苹果悬挂起来，你能够从中间剪断这根线，并保证苹果不会落地吗？','在线的中间打一个活结，使结旁多出一股线来，从线套中间剪断，苹果不会落下来。',3,4,0,0,NULL,NULL,NULL,0,NULL,NULL,NULL,NULL,NULL,NULL),(392,'分酒奇法','有一位父亲在三个儿子面前，把酒注满七个酒杯，然后把另外七个酒杯倒至半满，这时还剩下七个酒杯是空的，他跟三个儿子说：“你们要平分三种酒杯。”他的儿子应该怎样处理这些酒杯呢？','将四杯半满的倒成两杯满酒。这样，满酒的杯有九个，半满的有三个，空的酒杯九个，三个人就容易分配了。',3,4,0,0,NULL,NULL,NULL,0,NULL,NULL,NULL,NULL,NULL,NULL),(393,'巧拿硬币','桌子上放着15枚硬币，你和你的对手轮流取走若干枚。规则是每人每次至少取1枚，至多取5枚，谁拿走最后一枚，谁就能赢得全部15枚硬币。你应该怎样做才能保证一定能赢呢？','只要第一人拿走桌子上的3枚硬币，便一定能赢。',3,4,0,0,NULL,NULL,NULL,0,NULL,NULL,NULL,NULL,NULL,NULL),(394,'翻硬币','桌上放有5枚币值朝上的硬币，如果每次只能翻动2枚硬币，问翻动几次，可使这5枚硬币的国徽一面都朝上','无论翻动多少次，都不能使硬币的国徽一面都朝上。',3,4,0,0,NULL,NULL,NULL,0,NULL,NULL,NULL,NULL,NULL,NULL),(395,'分辨生熟鸡蛋','小力不小心把煮熟的鸡蛋与生鸡蛋混放在一起了，从外边看不出有什么区别。打开吧，如果是生鸡蛋又把鸡蛋弄坏了。你能想出办法，不打开鸡蛋就把生鸡蛋和熟鸡蛋区分开吗？','旋转鸡蛋，容易转起来的是熟的，而很难旋转的是生的。因为煮熟的鸡蛋蛋白和蛋黄是一个整体，容易转动；而生鸡蛋的蛋黄和蛋清是液体，所以转起来比较困难。',3,4,0,0,NULL,NULL,NULL,0,NULL,NULL,NULL,NULL,NULL,NULL),(396,'同行','竞赛汽车在什么时候能够与火车同一方向同一速度前进？','当竞赛汽车装上火车上的时候。',3,4,0,0,NULL,NULL,NULL,0,NULL,NULL,NULL,NULL,NULL,NULL),(397,'戴帽子的人','寒冷的冬天，在北京首都国际机场上，戴最大号帽子的人是谁？','戴最大号帽子的人是头最大的人，不论在任何地方，答案都是一样的。你千万不要被“寒冷的冬天”、“在北京首都国际机场上”这样多余的条件绕晕了。',3,4,0,0,NULL,NULL,NULL,0,NULL,NULL,NULL,NULL,NULL,NULL),(398,'房子的位置','地球有一所房子，当你在房子周围走一圈，要确定4个方向时，会发现四周的方向都一样。那么这所房子到底在哪里？','北极或者南极。',3,4,0,0,NULL,NULL,NULL,0,NULL,NULL,NULL,NULL,NULL,NULL),(399,'哪个冷的快','在同样的条件下，把两杯不同温度的牛奶放到同一个冰箱里，温度高的一杯与温度低的一杯哪个冷得快？','温度高的一杯冷得快，这叫做姆潘巴现象。冷却的快慢不是由液体的平均温度决定的，而是液体上表面与底部的温度差决定的。热牛奶急剧冷却时，这种温度差较大，而且在整个冻结前的降温过程中，热牛奶的温度差一直大于冷牛奶的温度差。上表面的温度越高，从上表面散发的热量就越多，因而降温就越快。',3,4,0,0,NULL,NULL,NULL,0,NULL,NULL,NULL,NULL,NULL,NULL),(400,'训练小狗','张太太特别喜欢小狗，但是她自己不会训练。这次丈夫出国的时候，她特意让丈夫把刚一个月大的小狗带到美国去找高级马戏团训练。四个月后，丈夫把小狗带来回来，并告诉她小狗在那边表现得很好。训练员说过，这只小狗可以做人吩咐它做的很多复杂的动作。但是，无论张太太怎么命令它，小狗就是无动于衷，更别提什么有难度的动作了。张太太很奇怪，你知道问题出在哪里吗？','小狗是在美国接受训练的，它听不懂中文。',3,4,0,0,NULL,NULL,NULL,0,NULL,NULL,NULL,NULL,NULL,NULL),(401,'如何保住第一','一次轮盘赌的大赛到了关键时刻，玛丽女士现居第一名，赢得了700个筹码；卡尔先生赢得了500个筹码，居第二名。其他人都输掉了很多，现在只剩下这两个人来决一胜负了\\n最后一局开始了，玛丽女士犹豫着，是要把手中的筹码押在“偶数”还是“奇数”上呢，赢的话，筹码就可以翻倍。而这时，卡尔先生已经把所有的筹码都押在了“3的倍数”上，赢的话，筹码就可以翻成3倍，还有可能反败为胜\\n这时，玛丽女士应该怎么做，才能保持住第一名呢？','最好的方法是，押401个筹码在“3的倍数”上，赢的话，筹码数量就在1502个以上，仍然会比卡尔先生多，所以玛丽女士还是能保住第一名的位置。',1,5,0,0,NULL,NULL,NULL,0,NULL,NULL,NULL,NULL,NULL,NULL),(402,'言多必失','中国有古话说：“言多必失。”但是，在交际场合，一个人很少说话到底好不好呢？','如果他是一个聪明的、很会说话的人，那么他的表现就是愚蠢的；如果他是一个很笨的人，那么少说话就是聪明的。',1,5,0,0,NULL,NULL,NULL,0,NULL,NULL,NULL,NULL,NULL,NULL),(403,'士兵的枪法','有一名士兵，刚学会开枪。现在他用眼罩把眼睛蒙上，手中握一支枪，连长把他的帽子挂起来后，让这个士兵向前走了40米，然后反身开枪，没想到这个士兵竟然准确无误地击中了那顶帽子。你知道这是为什么吗？','因为连长把帽子挂在了他的枪口上。',1,5,0,0,NULL,NULL,NULL,0,NULL,NULL,NULL,NULL,NULL,NULL),(404,'分辨真假花','山脚下春意盎然，蝴蝶和蜜蜂在花丛间飞舞着，养蜂人的妹妹拿来两朵一模一样的花让哥哥猜哪一朵是真花，哪一朵是假花。但只能远远地看，不能用手去摸，更不能去闻。如果是你，你该怎么办？','看蜜蜂和蝴蝶喜欢停在哪朵花上，哪朵花就是真花。',1,5,0,0,NULL,NULL,NULL,0,NULL,NULL,NULL,NULL,NULL,NULL),(405,'汽车司机','在城市街道的交叉路口上，明文规定有步行者横过公路时，车辆就应停在人行道前等待。可是偏偏有个汽车司机，当交叉路口上还有很多人横过马路时，他却突然闯进人群中，全速向前跑。这时旁边的交警看了也并没有责怪他。你说这是为什么？','汽车司机并没有开车，此时他是作为步行者过马路的。',1,5,0,0,NULL,NULL,NULL,0,NULL,NULL,NULL,NULL,NULL,NULL),(406,'月球飞鸟','月球上的重力只有地球上的六分之一。有一种鸟在地球上飞20千米要用1小时，如果把它放到月球上，飞20千米要多少时间？','月球上没有氧气，鸟无法呼吸，会死去。',1,5,0,0,NULL,NULL,NULL,0,NULL,NULL,NULL,NULL,NULL,NULL),(407,'沉船','某人有过这样一次经历：他乘坐的船驶到海上后就慢慢地沉下去了，但是，船上所有的乘客都很镇静，既没有人去穿救生衣，也没有人跳海逃命，却眼睁睁地看着这条船全部沉没。这是为什么？','因为在潜水艇里。',1,5,0,0,NULL,NULL,NULL,0,NULL,NULL,NULL,NULL,NULL,NULL),(408,'狡猾的窃贼','有一帮窃贼打开了一家大卖场的仓库大门，正把从仓库偷出的电视机搬上小货车。这时，他们听到警车的警笛声越来越近，他们没有办法躲开或者跑得比警车还要快。但他们用了一个方法，骗了警察，他们是怎么做的呢？','他们把货车上的电视机再卸下来，并把它们运回大卖场。当警车经过盘问时，他们声称是晚班送货员。',1,5,0,0,NULL,NULL,NULL,0,NULL,NULL,NULL,NULL,NULL,NULL),(409,'抛锚的轿车','一位新手司机驾着小轿车会见朋友，半路上忽然有一个轮胎爆了。当他把轮胎上的4个螺丝拆下来，从后备箱里把备用轮胎拿出来时，不小心把4个螺丝踢进了下水道。那么，新手司机该怎么做，才能使轿车安全地开到距离最近的修车厂？','从其他三个轮子上各拆下一个螺丝，用三个螺丝固定备用轮胎，这样低速行驶，可以安全地把轿车开到距离最近的修车厂维修。',1,5,0,0,NULL,NULL,NULL,0,NULL,NULL,NULL,NULL,NULL,NULL),(410,'火车过隧道','两条火车轨道除了在隧道内的一段外都是平行铺设的。由于隧道的宽度不足以铺设双轨，因此，在隧道内只能铺设单轨\\n一天下午，一列火车从某一方向驶入隧道，另一列火车从相反方向驶入隧道。两列火车都以最高的速度行驶，然而，它们并未相撞。这是为什么？','因为两列火车是在不同的时间驶入隧道的。',1,5,0,0,NULL,NULL,NULL,0,NULL,NULL,NULL,NULL,NULL,NULL),(411,'小画师巧对刁难','清末时期，京城有一家画店的店主为人仗义，因此得罪了大太监李莲英，李莲英一直伺机报复。这日，李莲英来到画店，说是奉慈禧太后的命令，让画店在一张5尺的宣纸上画出9尺高的观音像，一日之内必当完工\\n这把店主给难坏了，5尺的宣纸，怎能画9尺高的佛像呢？这时，一个小画师对店主说：“师父，让我来试试吧。”说完，他磨笔展纸，一挥而就。在场的人看后，无不称奇\\n第二天，这幅图到了李莲英手中，他无话可说\\n聪明的读者，你知道这名小画师是怎么画的吗？','画师把观音画成弯腰捡净水瓶中的柳枝的样子，这样观音直起腰正好9尺高。',1,5,0,0,NULL,NULL,NULL,0,NULL,NULL,NULL,NULL,NULL,NULL),(412,'走出屋子','中古时代，欧洲有一所很出名的智力学校，从学校出来的人都特别聪明，而且大都成就了一番大事业，所以当时很多人都想成为这所学校的学生。但学校的入学考试特别严格，有一届考试是这样的：把所有的考生关在一间大屋子里，每天供应很不错的吃喝，但门口有考官把守，谁能第一个出了这间屋子，谁就将被学校录取\\n有人说父亲病重要回去照顾，考官就把他父亲从家中接来；有人说自己病重，考官就请来医生……这里的考生提了很多理由，但是考官就是没有让人出去过。这时有一个人对考官说了一句话，考官就放他出去了，结果他被录取了\\n你知道这个人说的是什么话吗？','他说：“我放弃了，我不考试了。”考官是不能再关放弃考试的人的。',1,5,0,0,NULL,NULL,NULL,0,NULL,NULL,NULL,NULL,NULL,NULL),(413,'智惩纳粹军官','第二次世界大战时，在被德国占领的法国，有一天，四个人坐在同一辆火车上。其中一名是身穿军装的纳粹军官，一名法国人，一名漂亮的姑娘，一位是老妇人\\n火车上的灯坏了，在火车过山洞的时候，漆黑一片。突然，这时突然响起了亲吻的声音，然后是一掌打在脸上的声音。很快火车从山洞里出来，只见纳粹军官脸上出现了一块猩红的手掌印\\n老妇人心想：“他真活该，这姑娘就应该这么对待坏人。”\\n而姑娘想：“这个纳粹军官真怪，他没有吻我，难道是他吻了那个老妇人或者那个法国人？”\\n纳粹军官感到很委屈，心想：“我什么都没有做啊！”\\n你能想出事情的真相吗？','那位法国人吻了他自己的手，然后狠狠地打了纳粹军官一记耳光。',1,5,0,0,NULL,NULL,NULL,0,NULL,NULL,NULL,NULL,NULL,NULL),(414,'巧智得黄金','有一个财主，自以为自己读了很多书，就见识广博、无所不能。于是他对乡里邻居说：“如果你们谁能由于说谎话，而让我说出一个‘谎’字，我就把我的一半财产分给他。”\\n为此，很多人议论纷纷，有一个小孩子跑来对财主说：“我父亲有根拐杖，夜里伸到天上去，能把星星打下来。”\\n财主说：“这有啥稀罕的，我还有个烟袋，抽烟的时候，总是伸到太阳上点火呢。”\\n小孩子惭愧地走了，此后，很多人来挑战财主，都失败了\\n有一个石匠听说了这件事，他决定来好好整治下财主，就对财主说：“老爷啊，你家这房子是我盖的吧。”\\n财主刚想说石匠在撒谎，但他忍住了，说：“是的。”\\n石匠又说：“我是来问你讨工钱的，你还欠我100两黄金的工钱呢？”\\n财主傻眼了，思索了一会，忍痛给了他100两黄金，打发石匠走了\\n聪明的读者，你知道为什么财主傻眼了呢？','因为如果财主说石匠在撒谎，他就要分一半的财产给石匠，所以他只好承认这件事，但又需要给石匠100两黄金。',1,5,0,0,NULL,NULL,NULL,0,NULL,NULL,NULL,NULL,NULL,NULL),(415,'坦克过桥','部队要过一座30米长的桥，桥上标注最大承重量是15吨。但是，部队里有1辆坦克的重量是14吨，它拉了一架追击炮，这架迫击炮的重量是4吨，所以无法过桥\\n将军想了一个很简单的方法，就让这辆坦克拉着迫击炮过了桥，你能想出他用的是什么方法吗？','他让士兵用超过30米的绳索重新把迫击炮系在坦克后面，这样坦克和迫击炮的重量不会同时压在桥上面，因此都可以过桥。',1,5,0,0,NULL,NULL,NULL,0,NULL,NULL,NULL,NULL,NULL,NULL),(416,'擦地板的问题','甲和乙是一家餐厅的服务员，他们每天早上在还没有开业之前都要用抹布擦洗餐厅的地面。因为甲的速度比较快，每天早上，甲擦的地板面积是乙的两倍，所以甲总是受到老板的赞赏\\n有一天，甲和乙擦的面积是一样多，但是两个人的速度都没有变化，而且甲也没有休息。你知道原因是什么吗？','乙用的抹布宽度是甲的2倍。',1,5,0,0,NULL,NULL,NULL,0,NULL,NULL,NULL,NULL,NULL,NULL),(417,'智装绿豆糕','有家糕点店的老板收到了一张奇怪的订货单，上面写着：“订9块绿豆糕，要装在4个盒子里，而且每个盒子里最少要装上3块绿豆糕。”\\n老板知道，这是有人故意在刁难他，要小心应对才是。但他和伙计为了按要求装绿豆糕伤透了脑筋，还弄坏了好几块，但还是达不到订单上的要求。眼见取货的时间就要到了，他们急得团团转\\n这时，老板的孩子过来了，见大家都在着急，就问是怎么一回事。一个伙计把事情给他说了。他听完后笑道：“这挺好玩啊，没有什么难的。”\\n说完，他就选了4个盒子装了起来。刚装好，订货的客人来了，仔细检查了一番，挑不出毛病来，就拎着绿豆糕走了\\n聪明的读者，你知道小孩是怎么分装这9块绿豆糕的吗？','他的方法是先把9块绿豆糕分别装在3个盒子里，每个盒子里面3块，然后再把这3个盒子装在一个大盒子里，就符合订单上的要求了。',1,5,0,0,NULL,NULL,NULL,0,NULL,NULL,NULL,NULL,NULL,NULL),(418,'怎样才能活下来','有三个强盗分赃不均，决定进行火拼。这时三个人正好站在边长为1米的正三角形的顶点上。每个人手中都有一把枪，枪里都有一发子弹，而且每个人都是神枪手，都不会失手\\n如果你是其中的一个人，你要怎么做才可能活下来？','把枪丢在你和另一个人中间，而且枪距离你的距离比距离那个人的距离稍近一些，比如，离你0.4米，离他0.6米。\\n这时另外两个人都会先去射杀对方，因为你在这时是没有威胁的，谁如果杀了你就会立刻被另外一个杀掉。所以另外两人中必有一人最先死。在一个人死去后，活着的人的手中的枪里已经没有子弹了，他距离那把你扔的枪的距离都比你离的距离远，这时候你可以先捡回自己的枪，并射杀活着的那个人。',1,5,0,0,NULL,NULL,NULL,0,NULL,NULL,NULL,NULL,NULL,NULL),(419,'剧变的体重','“我最重的时候是85公斤，可是我最轻的时候只有3公斤。”当约翰向别人说这件事情的时候，别人都不相信\\n请你想一想，这可能吗？','可能。3公斤是刚出生的时候，85公斤是长大后的体重。',1,5,0,0,NULL,NULL,NULL,0,NULL,NULL,NULL,NULL,NULL,NULL),(420,'水池里有多少水','有一天，国王把阿凡提叫到皇宫里，想出点难题考考他。国王问道：“你知道王宫前面的水池里共有几桶水吗？”当时大臣们一想，这个问题很不好回答，暗暗替阿凡提担心，但阿凡提眨眨眼睛，很快说出了一个让国王满意的答案\\n你知道阿凡提是怎么回答的吗？','阿凡提说：“那要看桶的大小了，如果桶是和水池一样大的，那么就只有一桶水，如果桶只有水池一半大，那么就只有两桶水，如果桶只有水池的三分之一大，那就是三桶水……”',1,5,0,0,NULL,NULL,NULL,0,NULL,NULL,NULL,NULL,NULL,NULL),(421,'聪明的牧师','牧师发现自己唯一的落地钟时间停了，他要去邻居家对一下表。他按自己正常的步伐去了邻居家，到后他先看了一下邻居家钟表的时间就和邻家调好了钟表的时间\\n那么，他是如何调整出准确时间的呢？','在他出门的时候，他把家里的钟表上了发条，并把时间调整到一个整点的时刻。\\n然后他到邻居家时记着进去和出来时的时间，它们之差就是他在邻居家待的时间。然后他回家，看到自己的钟表走过的时间，就知道自己外出用的全部时间。这个总时间减去在邻居家客厅待的时间，就是他来回在路上走的时间。这个时间除以2就是他从朋友家回来所需要的时间。\\n然后他把在邻居家走时看到的时间，再加上他算出的从邻居家走回家需要的时间。就是他到家时的准确时间。',1,5,0,0,NULL,NULL,NULL,0,NULL,NULL,NULL,NULL,NULL,NULL),(422,'无法模仿','小明和爸爸一起去动物园看动物，他们在猴山前停了下来，小明很喜欢让猴子模仿自己的动作，他摸一下自己的头，猴子也摸一下自己的头，他摇摇头，猴子也摇摇头。无论他做什么，猴子都可以跟着模仿出来\\n于是小明对爸爸说：“猴子太聪明了，它什么动作都可以模仿。”爸爸笑了，对小明说：“事实上它有一个很简单的动作是不能模仿的。你能想出是什么吗？”\\n这下把小明难住了，你能帮他想出来吗？','闭上眼睛，然后再睁开眼睛。闭上眼睛猴子可以模仿，但人什么时候睁开眼睛它就不知道了。',1,5,0,0,NULL,NULL,NULL,0,NULL,NULL,NULL,NULL,NULL,NULL),(423,'免费的载人工具','世界上有一个东西，它可以以每小时2000千米的速度载着人飞驰，但从来不用给它加任何燃料。你知道它是什么吗？','地球。',1,5,0,0,NULL,NULL,NULL,0,NULL,NULL,NULL,NULL,NULL,NULL),(424,'没有铁轨','在一次科技博览上，铁路工程师给大家讲了这个城市的地铁的一些情况，然后他对观众说：“我们这一条线路，其中有1千米是没有铁轨的。”观众吓了一跳，有人不安起来。有人问：“那不是很危险的吗，我一直乘坐地铁，怎么没有感觉到呢？”但是工程师告诉大家：“没有关系的，通车5年了一直很安全，大家不要担心。”\\n你知道这其中的原因吗？','他所说的1千米指的是铁轨之间的缝隙加起来有1千米，因为每两根铁轨之间都有一定的缝隙。',1,5,0,0,NULL,NULL,NULL,0,NULL,NULL,NULL,NULL,NULL,NULL),(425,'车祸','车祸发生后不久，第一批警察和救护车已赶到现场，发现翻的车子内外都是血迹斑斑，却没有见到死者和伤者，为什么？','因为那是一辆献血车。',1,5,0,0,NULL,NULL,NULL,0,NULL,NULL,NULL,NULL,NULL,NULL),(426,'吊在半空中的管理员','当夜总会的侍者上班的时候，他听到顶楼传来了呼叫声。他奔到顶楼，发现管理员腰部系了一根绳子被吊在顶梁上\\n管理员对侍者说：“快点把我放下来，去叫警察，我们被抢劫了。”警察到来之后，管理员把经过情形告诉了警察：“昨夜停止营业以后，进来两个强盗把钱全抢去了。然后把我带到顶楼，用绳子将我吊在梁上。”警察对此深信不疑，因为顶楼房里空无一人，他无法把自己吊在那么高的梁上，那里也没有垫脚之物。有一部梯子曾被这伙盗贼用过，但它却放在门外\\n然而，没过几个星期，管理员因偷盗而被抓了起来。你能否说明一下，没有任何人的帮助，管理员是怎样把自己吊在半空中的？','他利用梯子把绳子的一头系在顶梁上，然后把梯子移到门外。回来时带进一块巨大的冰块。他立在冰块上，用绳子把自己系好。等到第二天侍者发现他的时候，冰已经化完了，管理员就被吊在半空中，而且现场没有辅助工具。',1,5,0,0,NULL,NULL,NULL,0,NULL,NULL,NULL,NULL,NULL,NULL),(427,'释放犯人','有一个犯人刑满释放，但是要出狱的却是两个人，这把门卫搞糊涂了。但是他又接到上级的通知，准许两个人出狱，你知道这是为什么吗？','刑满释放的是女犯人，另一个人是她在监狱中生的孩子。',1,5,0,0,NULL,NULL,NULL,0,NULL,NULL,NULL,NULL,NULL,NULL),(428,'世界末日','在一篇科幻小说的开始：地球上最后一位女子，坐在书桌前在写人类的阵敲门声\\n是鬼魂，是外星人，是动物？都不是，但确实是一阵有节奏的、真切的敲门声，那么，是谁发出的声音呢？','是一位男子。',1,5,0,0,NULL,NULL,NULL,0,NULL,NULL,NULL,NULL,NULL,NULL),(429,'如何分工钱','在农忙时期，农场主雇了两个人来种小麦。甲擅长耕地但播种能力不强，乙擅长播种但不善于耕地\\n农场主共交给他们10亩地，两人平分。甲从东面开始工作，乙从西面开始。已经知道，甲耕种一亩地需要10分钟，乙需要30分钟；播种时，乙的速度是甲的4倍\\n当两人完成工作后，农场主一共给了他们400元，请问，甲和乙应如何分摊这部分工资？','两个人各得200元，因为原有的地两个人各分担了一半的工作，所以和速度无关。',1,5,0,0,NULL,NULL,NULL,0,NULL,NULL,NULL,NULL,NULL,NULL),(430,'猴子掰玉米','一只猴子每分钟可以掰3根玉米，如果有3只这样的猴子在一个果园里，5分钟它们可以掰多少根玉米呢？','一根都不能掰，果园里没有玉米。',1,5,0,0,NULL,NULL,NULL,0,NULL,NULL,NULL,NULL,NULL,NULL),(431,'小明的好运','小明失恋很久了，一直没有找到新的女朋友，当他一个人待在房间里的时候，感觉特别寂寞和孤独。他无法忍受这种感觉，于是随便拿起电话想找一个人聊聊天，他拨了5次电话，每次都听到了很好听的女性的声音，他觉得今天的运气特别好\\n你说这是巧合呢还是他的错觉？','他5次都拨到了空号上面，这时总台就会传过来一个女性的声音，告诉他让他查证后再拨。',2,5,0,0,NULL,NULL,NULL,0,NULL,NULL,NULL,NULL,NULL,NULL),(432,'搞笑小品','电视台正在播放一个特别搞笑的小品，随着小品的剧情发展，好笑的程度加深，但是在电视机前的观众都没有笑，反而越来越伤心了，最后居然有人哭了，你知道这是为什么吗？','因为这个小品演员刚刚去世，他是一名大家很喜欢的演员。',2,5,0,0,NULL,NULL,NULL,0,NULL,NULL,NULL,NULL,NULL,NULL),(433,'咖啡与胶片','007潜入了敌人的基地，他找到了存有重要资料的微型胶片，但是在离开的时候，不小心把胶片掉进了一个咖啡杯中，尽管杯子中装满了咖啡，但是胶片并没有弄湿，你知道这是为什么吗？','咖啡杯中是装满了咖啡，不过是干咖啡粉。',2,5,0,0,NULL,NULL,NULL,0,NULL,NULL,NULL,NULL,NULL,NULL),(434,'相同的试卷','有一次考试在一个小教室中进行，共有三位监考老师，而且考试的题量很大，很多人都是一直在做题，没有时间他顾，所以他们根本不可能作弊\\n但是，在改卷子的时候，还是发现有两张完全相同的试卷，你知道这是怎么发生的吗？','有两个同学交了白卷，所以卷子是完全相同的。',2,5,0,0,NULL,NULL,NULL,0,NULL,NULL,NULL,NULL,NULL,NULL),(435,'伪证','有一个案件正在审理中，证人说，当时他及时把一个很重要的表单夹在师很快就指出他做的是伪证。你知道原因是什么吗？','因为215页和216页是在同一张纸上的，是一张纸的两面，中间是不能夹任何东西的。',2,5,0,0,NULL,NULL,NULL,0,NULL,NULL,NULL,NULL,NULL,NULL),(436,'牛尾巴的朝向','有一头牛，它现在面朝正北，如果让它顺时针转动370度，然后再逆时针转动640度，这时，你知道它的尾巴朝向哪个方向吗？','它的尾巴朝下。',2,5,0,0,NULL,NULL,NULL,0,NULL,NULL,NULL,NULL,NULL,NULL),(437,'超乎常人的高血压','怀特近来身体不舒服，医生在对他进行身体检查的时候，测量出他的血压是一般健康人的3倍，但是医生并不为这件事感到担心，你知道是为什么吗？','怀特是一只长颈鹿，长颈鹿的平均血压是人类的3倍，因为长颈鹿必须把血液送上长长的脖子。',2,5,0,0,NULL,NULL,NULL,0,NULL,NULL,NULL,NULL,NULL,NULL),(438,'幸运的人','两个穷困潦倒的人口渴难耐，但是他们的钱只够买一瓶水，而半瓶水实在无法满足他们的需求，他们去了小卖店，没有向老板乞求什么，结果如愿以偿了，这是怎么回事呢？','他们买了一瓶水，打开后发现中奖了，瓶盖上写着“再来一瓶。”',2,5,0,0,NULL,NULL,NULL,0,NULL,NULL,NULL,NULL,NULL,NULL),(439,'仁慈的法官','有一名粗心的驾驶员引发了一场事故。好在，他和另一辆车上的驾驶员都未受伤，但不幸的是，另一辆车上的乘客已经没有了呼吸\\n这件案子的审理结果，居然只是罚了这名粗心的驾驶员一点钱而已。为什么法官会如此仁慈呢？','另一辆车是灵车，车上的乘客早已去世了。',2,5,0,0,NULL,NULL,NULL,0,NULL,NULL,NULL,NULL,NULL,NULL),(440,'焦急的人','有一位聋人看到一个男孩在一座危墙下玩耍，墙就快要倒下来了，过去抱开那个男孩已经来不及了，他该怎么告诉那个男孩并让他跑开呢？','他是聋人，但是可以说话，喊那个男孩注意就可以了。',2,5,0,0,NULL,NULL,NULL,0,NULL,NULL,NULL,NULL,NULL,NULL),(441,'巧治财主','有一名吝啬的财主请了名裁缝到家给他做衣服，但财主怕裁缝偷他的布，就一直在旁边看守着\\n裁缝看出了财主的心思，就对他说：“东家，你这布是9尺的，我能从你这布上偷下8尺来，还能照着尺码给你做成衣服，你信不信？”\\n财主当然不信了，两个人便打赌，如果裁缝输了，就不要工钱，如果财主输了，就给裁缝加5倍的工钱\\n结果，财主输了\\n聪明的读者，你知道这是为什么吗？','裁缝按8尺布的长度裁了一条窄边。',2,5,0,0,NULL,NULL,NULL,0,NULL,NULL,NULL,NULL,NULL,NULL),(442,'关于轮胎','小王今天学开车，他第一次驾驶着汽车向前行进了50米。那么，哪个车轮前进的路段最长？在汽车前进中，哪个轮胎没有动？','一样长，都是50米。在汽车前进中，备用轮胎没有动。',2,5,0,0,NULL,NULL,NULL,0,NULL,NULL,NULL,NULL,NULL,NULL),(443,'爬楼梯的人','有一个职员住在公司宿舍大楼的15层，每天早出晚归地工作。每天早上，他必定搭电梯下楼，但回来的时候，他经常只搭电梯到12楼，然后再爬楼梯上去，你知道这是为什么吗？','他个子太矮了，在电梯中，最多只能按到去12楼的那个按钮，所以当电梯里有其他能够够得着的人时还可以帮他按15楼的按钮，没有其他人或其他人也够不着15楼时，后面的楼层他只能爬上去。',2,5,0,0,NULL,NULL,NULL,0,NULL,NULL,NULL,NULL,NULL,NULL),(444,'通知朋友','小华和小明是好朋友，两家相距50米远。两家附近没有其他的邻居。这天，电视上上演了《变形金刚》，小华很想让小明过来和自己一起看\\n但是两家都没有安电话，现在小华的手头上有2个贴邮票的信封、一支蓝色的圆珠笔、一个红色的气球、一架很大的纸飞机、一把个小刀，要是在不去小明家邀请他的情况下，小华如何能尽快通知到小明，让他过来呢？','小华只要站在门口大声喊小明的名字就可以了。',2,5,0,0,NULL,NULL,NULL,0,NULL,NULL,NULL,NULL,NULL,NULL),(445,'占卜','有一名男子听说一位算命先生占卜特别灵验，他就赶来拜访算命先生。想请他替自己占卜一下事业、婚姻、运气和健康状况，但他到达算命先生家后才知道，算命先生每回答两个问题需要收费20元。但偏偏他身上只带了23元。所以，他就问：“不管我的问题有多长，也算是一个问题吗？”算命先生说：“当然。”他想了想又问：“不管我的问题有多短，也算一个问题吗？”先生回答：“是的。”\\n请问，他还可以问几个他原本想问的问题？','他已经问过两个问题，所以不能再问问题了。',2,5,0,0,NULL,NULL,NULL,0,NULL,NULL,NULL,NULL,NULL,NULL),(446,'粗心的放羊娃','放羊娃用一根7米长的绳子拴住了羊脖子，让它在一棵树下吃草。这棵树距离旁边的麦地有10米远\\n之后放羊娃就和小朋友们玩去了，等他回来时发现羊正在麦地的边上吃麦苗，已经吃了很多。他因此受到了母亲的责骂\\n但是，拴羊的绳子很结实，没有被人解开，也没有断，羊是怎么吃到麦苗的呢？','他并没有把绳子拴到树上，题目中只是说羊的脖子被拴住了，所以羊仍然可以拖着绳子去吃麦苗。',2,5,0,0,NULL,NULL,NULL,0,NULL,NULL,NULL,NULL,NULL,NULL),(447,'逃离井底','井底有一只小青蛙，它每天都向往着离开水井，见识广阔的世界。井的深度有2米，它每次只能跳半米高，那么，你知道它几次可以跳出这个井吗？','它每跳半米就又掉下去了，所以它永远不能跳出去。',2,5,0,0,NULL,NULL,NULL,0,NULL,NULL,NULL,NULL,NULL,NULL),(448,'安全跳机','一架盘旋的直升机已经升空到海拔1500米的高度，这时从中跳下一个人，他并没有带降落伞，但是这个人落地后，表现得若无其事，你知道这是怎么回事吗？','因为这里的地面高度是海拔1500米，相对于地面来说，直升机的高度只有一米，所以那个人什么事情都没有。',2,5,0,0,NULL,NULL,NULL,0,NULL,NULL,NULL,NULL,NULL,NULL),(449,'错误百出','做事情不认真、不负责任，就会弄出很多错误。有人说，这一句问题就有4处错误。请问你，错误在什么地方呢？','在这一问上，“错误”这个词出现过3次。也就是说，有3个“错误”。还有一个错误在哪里呢？原来就有3个“错误”，硬说有4个，这就是另外一个错误。',2,5,0,0,NULL,NULL,NULL,0,NULL,NULL,NULL,NULL,NULL,NULL),(450,'谁会赢','如果让一个体长25厘米的红螃蟹和一个体长5厘米的黑螃蟹赛跑，它们谁会赢呢？','黑螃蟹会赢，因为红螃蟹是熟螃蟹。',2,5,0,0,NULL,NULL,NULL,0,NULL,NULL,NULL,NULL,NULL,NULL),(451,'谁数的人多','有两个人花了一个小时，在数他们面前人行道上走过的行人数，其中第一人坐在家门口，另一人则在人行道上走来走去谁数的行人会多些？','一样多。',2,5,0,0,NULL,NULL,NULL,0,NULL,NULL,NULL,NULL,NULL,NULL),(452,'有几个乘客','有一辆公交车载了几名乘客。到第一站时，下车的乘客占全体乘客的1/6，第二站下车的乘客占全体乘客的1/5，接下来，每站下车的乘客依次占全体乘客的1/4，1/3，1/2，到最后一站，全体乘客都下车了\\n如果这辆车中途没有人上车，那么最初所载的乘客最少会是多少人？','最少是6人，每站都有l位乘客下车。',2,5,0,0,NULL,NULL,NULL,0,NULL,NULL,NULL,NULL,NULL,NULL),(453,'令人费解的死亡率','美国有一个州，环境优美，空气清新，居民的文化素质很高，所有卫生条件特别好，但是，这里的肺结核病的死亡率特别高，在世界上都可以排到前列。你知道这是为什么吗？','正因为这里环境优美，卫生条件好，空气好，所以有很多肺结核病患者来这里养病，病人中有重病不治者死亡，增加了这里的死亡率。',2,5,0,0,NULL,NULL,NULL,0,NULL,NULL,NULL,NULL,NULL,NULL),(454,'业务大赛','某银行举行业务能力大赛，有很多比赛项目，其中包括蒙上眼睛用手分辨真假钱，用眼睛在很短的时间内在大量的钱币中挑出假钱，以及比赛数钱的速度等。有一个项目是这样的，把两名参赛者都蒙上眼睛，在他们面前分别放着一个箱子，箱子中各有100元钱，面值是一元和两元的。让参赛者把它们全部分开。甲几分钟就分出来了，乙却用了一个小时，你知道这是为什么吗？','给甲的箱子里的一元钱是硬币，两元钱是纸币，所以很容易分辨；给乙的钱都是纸币，所以乙只能根据大小来分辨。',2,5,0,0,NULL,NULL,NULL,0,NULL,NULL,NULL,NULL,NULL,NULL),(455,'来回的疑问','在一个无风的天气里，某人从A地乘摩托车到B地，车速每小时35千米，途中并无坡道，只有一处需要轮渡。过轮渡时并没有等待，车一到就上船了，共花了80分钟。回来时仍是原来的路线，在轮渡处也正好赶上班次，车速也一样。可是到了目的地一看表，却走了1小时20分钟，这是怎么一回事？','不要被题中的条件所迷惑，80分钟本来就是1小时20分钟。',2,5,0,0,NULL,NULL,NULL,0,NULL,NULL,NULL,NULL,NULL,NULL),(456,'诚实的店员','有名顾客去一家宠物店买了一只鹦鹉。店员告诉他，这只鹦鹉可以重复它听到的任何话语。但是几天后，顾客又来到小店里，对店员说那只鹦鹉一个字也没有说过。但是，店员并没有撒谎，你知道这是为什么吗？','那只鹦鹉是聋子。',2,5,0,0,NULL,NULL,NULL,0,NULL,NULL,NULL,NULL,NULL,NULL),(457,'战胜冠军的秘诀','有三个从小一起长大的朋友，一个是出租车司机，一个是全国象棋冠军，一个是全国乒乓球冠军\\n这天，三个人一起在一家俱乐部痛快地玩了一上午。在吃午饭的时候，出租车司机对身旁的人说：“今天，我是最大的胜利者，我打了乒乓球，也下了象棋，我是既战胜了全国乒乓球冠军，也战胜了全国象棋冠军。”\\n身旁的人都不相信：“他们一定是让着你的。”\\n但两个冠军诚实地说：“没有的，我们尽了全力。”\\n旁边的人都惊讶极了，你知道这是怎么回事吗？','很简单，出租车司机和象棋冠军打乒乓球，和乒乓球冠军下象棋。\\n458、寻找徒弟',2,5,0,0,NULL,NULL,NULL,0,NULL,NULL,NULL,NULL,NULL,NULL),(458,'寻找徒弟','有一位出色的建筑师老了，想收一名徒弟传授他毕生的经验，于是他贴出了告示，人们蜂拥而至，在考试的时候，有一道题难住了所有的人。那道题就是：怎么建造一间房子可以使房子四面的窗户都面朝北？最后，只有一个没有建筑经验的年轻人答出了这道题，他最后成了老建筑师的学生，并且后来也成了一位伟大的建筑师\\n你知道他是怎么回答的吗？','把房子建在南极点上，这样每个窗户都是朝北的。',2,5,0,0,NULL,NULL,NULL,0,NULL,NULL,NULL,NULL,NULL,NULL),(459,'划火柴比赛','有时候在一些娱乐节目上会有很奇怪的比赛。现在正在进行一场划火柴比赛，参加比赛的甲、乙二人每个人各拿100根火柴开始比赛，甲一秒钟可以划1根，乙两秒钟可以划3根。那么，当甲划到第93根的时候，乙已经划了多少根？','乙已经划了100根，因为每个人只有100根。',2,5,0,0,NULL,NULL,NULL,0,NULL,NULL,NULL,NULL,NULL,NULL),(460,'报时的秘密','有一位老婆婆，每天坐在门口的瓜棚下做一些碎活。当有过路的行人问她时间时，她总是用双手摸一摸瓜藤下的一个大葫芦，然后就能报出准确的时间\\n这个大葫芦并不特别，除了体积比较大之外。为什么老婆婆摸了摸它，就能知道准确的时间呢？','因为这个大葫芦挡住了远处钟楼上的大钟，老婆婆只要稍微推开它一些，就可以看到准确的时间了。',2,5,0,0,NULL,NULL,NULL,0,NULL,NULL,NULL,NULL,NULL,NULL),(461,'烧焦的电线杆','小明放学的时候，发现有一些电工在换路边的电线杆，他发现有很多新立的电线杆被烧焦了，但是这几天并没有下雨，也没有雷电的问题。那么，这是怎么回事呢？','是人为因素。木质的电杆要被烧焦以后埋在土中，以防腐烂。',3,5,0,0,NULL,NULL,NULL,0,NULL,NULL,NULL,NULL,NULL,NULL),(462,'神奇的轮胎','王先生刚到镇上时就遇到来接他的好朋友，好朋友问他：“你从哪里来的啊？”王先生说：“我从家乡来，距离这里100千米呢。”朋友又问：“这个轮胎挺新的啊，是不是刚换的？”王先生回答道：“是啊，在出发之前换的，我一路上没有停，轮胎才跑了l千米左右。”\\n这样看来好像王先生的话中有互相矛盾的地方，但他说的确实是实情，你知道这是为什么吗？','王先生开的是飞机，所以轮胎确实可以在100千米内只行驶1千米左右。',3,5,0,0,NULL,NULL,NULL,0,NULL,NULL,NULL,NULL,NULL,NULL),(463,'为什么高兴','小王在回家的时候，突然下了大雨，他没有带雨具，所以被雨淋透了。正因为如此，他感到高兴起来，你知道这是怎么回事吗？','小王在下雨前不小心掉到河里了，现在正好下雨，见到他的路人还有他的父母都不会知道他曾经掉到河里这件尴尬的事情了。',3,5,0,0,NULL,NULL,NULL,0,NULL,NULL,NULL,NULL,NULL,NULL),(464,'言而无信的丈夫','王先生下班的时候给妻子打电话说：“给我做饭了吗，我很快就能到家了，估计6点20分就可以到了。”妻子说：“好的，一会儿见。”\\n在6点15分的时候，他赶到了家，妻子很是生气，狠狠地对他说：“你要是再这样的话，我们只有离婚了，你这个说话不算话的人！”\\n那么，王先生究竟怎么惹妻子生气了？','他是第二天早上6点15分到的家。',3,5,0,0,NULL,NULL,NULL,0,NULL,NULL,NULL,NULL,NULL,NULL),(465,'吹牛比赛','王明和李强在进行吹牛比赛，他们吹嘘谁吃得多，王明说：“我能把长江的水一口喝了。”李强说了一句话，王明输了。王明接着说：“我能把南极洲当蛋糕吃了。”李强又说了刚才那句话，王明又输了。王明再说：“我能把地球当成丸子一口吃了。”李强说了刚才那句话，王明还是输了\\n你知道李强说的是什么话吗，为什么每次他总是赢？','李强说：“我能把你吃了。”',3,5,0,0,NULL,NULL,NULL,0,NULL,NULL,NULL,NULL,NULL,NULL),(466,'囚徒的谜题','有100个被判处无期徒刑的囚徒，被关在100个独立的小房间，互相无法通信。但他们每天都会有一个囚徒可以出来放一会儿风。但这个可以放风的囚徒是从100个囚徒中随机抽取的。在放风的院子里有一盏灯，囚徒可以打开或者关上，除囚徒外，没有别人会去动这盏灯。每个人除非出来放风，是看不到这个灯的\\n有一天，国王来巡视这个监牢，他决定大赦这批囚徒，但是有一个要求，就是如果某一天，某个囚徒能够明确表示，所有的囚徒都已经出来放过风了，而且的确如此，那么所有囚徒都将被释放；如果仍有囚徒未出来放过风，那么所有的囚徒将一起被处死\\n国王给了这批囚徒1个小时的时间讨论。你能想出一个合适的方法，帮助他们吗？','最简单的答案是，让每个放风的囚徒把自己的名字写在有灯的那面墙上，但只能写一次。每个第一次放风的人出去后，写好自己的名字并查一下有多少人的名字在上面了，如果有一个第一次出去放风的囚徒发现墙上已经有100个名字的话，他就可以宣布所有人都出来放过风了。',3,5,0,0,NULL,NULL,NULL,0,NULL,NULL,NULL,NULL,NULL,NULL),(467,'发牌的方法','四个同学在打一副54张的扑克牌，发牌发到一半的时候电话突然响了，有人接了电话，然后发现不知道刚才发到谁了。这时需要数一下每个人手中牌的个数，然后确定轮到谁了，再继续发下去。但有一种方法，在不数牌的情况下继续发牌，并让效果和数牌后再发牌的效果一样。你能想到这种方法吗？','确定一下最后一张牌是谁的，然后把牌倒着发。',3,5,0,0,NULL,NULL,NULL,0,NULL,NULL,NULL,NULL,NULL,NULL),(468,'深山藏古寺','西南联大美术学院招生时，曾用“深山藏古寺”这一诗句为复试题。这题目看似简单，但实则很难。有的考生画成深山里树木环抱，中间有一座寺庙；有的考生的画上只显示了密林深处露出寺庙一角；有的画成了深山密林中有袅袅炊烟，但都不符合题意\\n因为，既要让人看得出来山上有古寺，又要把寺庙隐藏起来，这是一个大难题。只有一名考生解决了这个矛盾，画出了真正的“深山藏古寺”来\\n聪明的读者，你知道他是怎么画的吗？','他的画上山峦起伏，画面上看不到寺庙，但是在山间小道上，有一个和尚正挑水上山。',3,5,0,0,NULL,NULL,NULL,0,NULL,NULL,NULL,NULL,NULL,NULL),(469,'闹钟','小明玩了一下午，感到特别累，于是他想睡个好觉，所以在8点20分就上了床，并把他的上了发条的老闹钟定到了早上8点50分响铃，然后他就睡下了\\n那么，他可以睡多少小时呢？','只有半小时，因为老式闹钟并不区分白天和晚上，所以闹钟半个小时后就要响了。',3,5,0,0,NULL,NULL,NULL,0,NULL,NULL,NULL,NULL,NULL,NULL),(470,'埃菲尔铁塔的谜团','享誉世界的埃菲尔铁塔是法国首都巴黎的代表性建筑。它高300米，总重量达七千多吨。但是在它建成之初，有3个谜团困扰了人们很久：\\n(l)这座铁塔只有在夜间才是与地面垂直的\\n(2)上午，铁塔向西偏斜100毫米；中午，铁塔向北偏斜70毫米\\n(3)冬季，气温降到零下10摄氏度的时候，塔身比炎热的夏季矮17厘米\\n铁塔的设计者埃菲尔合理地解释了这些问题，你知道其中的奥妙吗？','因为铁塔是钢铁结构，由于热胀冷缩，它必然随着温度的冷暖而变化。\\n白天，由于光照的角度和强度不一样，塔身各处的温度也不一样，热胀冷缩的程度也不一样，所以上午和下午不仅出现倾斜现象，倾斜角度也不一样。\\n夜间，铁塔各处的温度是相同的，所以恢复了垂直状态。\\n冬季气温下降，塔身收缩，所以变矮了。',3,5,0,0,NULL,NULL,NULL,0,NULL,NULL,NULL,NULL,NULL,NULL),(471,'分割遗产','有一名老员外，他有四个儿子。老员外去世之后，四个儿子闹着分家。所有值钱的东西都分完了，还有一个正方形的菜园让他们伤透了脑筋。这个菜园如下图所示：\\n中间一点为菜园的中心，在菜园的一侧有四棵树，在图上用其他的圆点表示，四个儿子都想公平地分这个菜园，也就是说大小形状都完全一样，而且每个人都能分到一棵树，且树不能被挖出来\\n请问该如何分？',NULL,3,5,1,1,NULL,NULL,NULL,0,NULL,NULL,NULL,NULL,NULL,NULL),(472,'聪明的匪徒','一群海盗劫持了一艘轮船，逃往太平洋上的一座小岛。轮船在行驶的过程中触礁，于是，狡猾的海盗头目命船上19名匪徒排成一行，说：“因为食物、饮水不足，所以在太阳即将升起时，凡点到第七名的人可以留在船上，数到最后第七名的那个人就必须立即跳到海中。”说完他站到第六名匪徒后面。有个聪明的匪徒负责点数，他想救其他兄弟而让头目跳人海中。那么，他该如何点数呢？','从头目前两个人开始数，当他数到第一个第七名时，一名兄弟得救。数到第二个第七时，第二名兄弟得救，依次数下去，最后一个第七名正好是头目。',3,5,0,0,NULL,NULL,NULL,0,NULL,NULL,NULL,NULL,NULL,NULL),(473,'两枚硬币','桌子上并排放着一枚五角硬币和一枚一元硬币。你能不能在不移动五角硬币的情况下，把那一枚一元硬币放在五角硬币的下面？','将一元硬币放在桌子下面。',3,5,0,0,NULL,NULL,NULL,0,NULL,NULL,NULL,NULL,NULL,NULL),(474,'自转和公转','地理老师在讲自转和公转的时候，拿出两个相同的硬币做实验。他把一个硬币固定在桌子上，再放上另外一枚硬币和它相切，并让另外的那枚硬币绕着第一枚硬币转动，当转动的硬币回到起点的时候，就是公转一圈。那么，在绕转的过程中，那枚硬币自转了几圈呢？','自转了2圈。\\n因为硬币是一样的，设硬币半径为R。\\n因为一个固定不动，另一个紧贴它的边缘滚动，所以两圆外切，所以两圆圆心距为2R。外圈硬币滚动一周就相当于外圈硬币圆心绕固定不动硬币的圆心滚动一周。\\n所以其路程为2*2Rπr=4πR。\\n又因为圆周长为2πR，所以转2圈。\\n',3,5,0,0,NULL,NULL,NULL,0,NULL,NULL,NULL,NULL,NULL,NULL),(475,'开灯的问题','如果有一盏灯，你先把灯打开一分钟，再关上半分钟，然后再打开四分之一分钟，再关上八分之一分钟，如此重复下去。那么，最后这盏灯是打开还是关着的','这是一个无限循环的问题，后面打开灯和关灯的时间虽接近于零秒，但是还无法找到最后一个数，所以无法判断是开着还是关着。',3,5,0,0,NULL,NULL,NULL,0,NULL,NULL,NULL,NULL,NULL,NULL),(476,'争论','两名学生在一起聊天，他们讨论学习时可不可以喝酒的问题，争得不可开交。最后找到了一位老师，学生甲问：“老师，我们在学习的时候喝酒可以吗？”老师很郑重地说：“不行。”于是甲的观点得到了承认。但是乙也对老师问了一句话，老师想了想，说：“可以。”于是，乙的观点也得到了肯定。你知道乙是怎么问的吗？','乙问：“老师，我们喝酒的时候可以学习吗？”',3,5,0,0,NULL,NULL,NULL,0,NULL,NULL,NULL,NULL,NULL,NULL),(477,'奇怪的人','有一个人身体里有三个心脏，但是她活得很正常，并且没有人为这件事情感到奇怪，你知道她是谁吗？','怀了双胞胎的女人。',3,5,0,0,NULL,NULL,NULL,0,NULL,NULL,NULL,NULL,NULL,NULL),(478,'蜘蛛和蚊子','小新把蜘蛛和蚊子放在一个瓶子里，然后查了一下总共有48条腿。那么你能判断出蜘蛛和蚊子各有多少只吗？','只有蜘蛛，因为蚊子都被蜘蛛吃掉了。',3,5,0,0,NULL,NULL,NULL,0,NULL,NULL,NULL,NULL,NULL,NULL),(479,'石料','有一个雕刻家获得了一些石料。第一天，这些石料是长方形的；第二天，他把这些石料弄成了正方形；第三天，他又把这些石料弄成了圆柱形。但是在整个过程中，他并没有对这些石料进行雕刻和切割，那么他是怎么做的呢？','他的石料是粉末，形状的变化只是和装石料的容器形状有关。',3,5,0,0,NULL,NULL,NULL,0,NULL,NULL,NULL,NULL,NULL,NULL),(480,'只有一只右眼','如果有人告诉你一个村庄里的所有人都只有一只右眼，你认为可能吗？','人都是只有一只右眼，没有人有两只右眼。',3,5,0,0,NULL,NULL,NULL,0,NULL,NULL,NULL,NULL,NULL,NULL),(481,'愉快的撞衫','周小姐是一个很时尚的人，她经常买很新潮的衣服。但是，每次当她穿上自己刚买的新衣服的当天，她总会看到和她穿完全相同服饰的人，但是周小姐从来没有为这件事情烦恼过，而且每次都很开心。这到底是怎么回事呢？','她看到的是映在镜子中的自己。',3,5,0,0,NULL,NULL,NULL,0,NULL,NULL,NULL,NULL,NULL,NULL),(482,'撒谎的司机','有一位夫人乘坐一辆出租车，在路上她一直喋喋不休地说话，并总是不停地问司机问题，但司机并没有回答。过了很久，司机对她说：“对不起，夫人，我的耳朵快要完全聋了，昨天助听器坏了现在还在修理呢，所以你刚才说的话我什么都没有听到。”','这位夫人喊住司机让停车，司机停了，说明司机能听见她说话。',3,5,0,0,NULL,NULL,NULL,0,NULL,NULL,NULL,NULL,NULL,NULL),(483,'淡然的老王','海啸过后，很多人都在关注事件发展，而且电视台和电台不断播出灾情和寻人启事。老王的儿子在海啸发生之前就在那里工作，一直没有回来。邻居挺替老王担心的。一个邻居问：“你的儿子有没有打电话回来？”老王说：“没有。”邻居说：“那么，有没有电视台或者电台播放了你儿子的消息？”老王说：“也没有，但是我知道他平安无事。”\\n你能猜出老王是怎么知道的吗？','老王的儿子是电视台或者电台的播音员。',3,5,0,0,NULL,NULL,NULL,0,NULL,NULL,NULL,NULL,NULL,NULL),(484,'小猫的数量','2只小猫前面有2只小猫，2只小猫后面有2只小猫，2只小猫中间有2只小猫，请问共有几只小猫？','4只。',3,5,0,0,NULL,NULL,NULL,0,NULL,NULL,NULL,NULL,NULL,NULL),(485,'惊讶的旅途','一位机长正要开着他的飞机从一地到另一地送货，这时有人来问是否可以顺道搭乘他的飞机。机长立刻回答道：“可以，你只要付些小钱即可，我可以让你在途中下机。”\\n因为这位机长要从此地起飞到地球表面正对面的另一点。所以机长可以向任何方向起飞，设计出可以经过搭乘人想去之地的直线航程，而飞行时间完全不受影响。','因为这位机长要从此地起飞到地球表面正对面的另一点。所以机长可以向任何方向起飞，设计出可以经过搭乘人想去之地的直线航程，而飞行时间完全不受影响。',3,5,0,0,NULL,NULL,NULL,0,NULL,NULL,NULL,NULL,NULL,NULL),(486,'什么职业','你知道从事什么职业的人容易在短时间内反复改变主意吗？','列队的教官。',3,5,0,0,NULL,NULL,NULL,0,NULL,NULL,NULL,NULL,NULL,NULL),(487,'船过桥的问题','一条木船在通过一桥洞时，船上的人发现船上装的货物太高了，约高出桥洞1厘米。这些货物是整装的，根本无法卸掉。你能够想出一个简单的办法，在不卸货物的情况下穿过桥洞吗？','往船上再加些石头之类的重物就可以了。',3,5,0,0,NULL,NULL,NULL,0,NULL,NULL,NULL,NULL,NULL,NULL),(488,'最少时间','杰克和妻子每天早上要烤三片面包作为早餐。他们家的烤面包机是袖珍型的，每次只能放进两片面包，而且只能烤到一面，要想烤另外一面，必须把它翻过来才能烤到。把面包的一面烤熟需要的时间是1分钟。所以烤三片面包，就要烤两次，花4分钟时间\\n这天妻子抱怨烤面包的时间太长，杰克对她说：“其实你可以花3分钟就能烤好三片面包的。”妻子不信，杰克示范给她看，果然只花了3分钟。那么，请问杰克如何才能在3分钟时间内，用那个烤面包机烤好三片面包？','我们把面包的两个面分别叫做正面和反面，这样，用3分钟烤3片面包的方法如下。第一分钟，烤第一片面包和第二片面包的正面。\\n第二分钟，先取出第二片面包，放入第三片面包。然后烤第一片面包的反面和第三片面包的正面。在这一分钟后，第一片面包烤熟。第二片面包和第三片面包都只烤了正面。\\n第三分钟，烤第二片面包和第三片面包的反面。在这一分钟结束后，第二片面包和第三片面包都烤好了。',3,5,0,0,NULL,NULL,NULL,0,NULL,NULL,NULL,NULL,NULL,NULL),(489,'藏登山鞋','一名登山者独自去登山，在山脚下，他穿上新买的登山鞋时，发现鞋子有些紧，不利于登山。于是，他换上带来的另一双旧登山鞋。他不想带着他的新登山鞋上山，但他又担心，如果不带着新的登山鞋，鞋子可能会有被其他登山者拿走的危险，他该怎么办呢？','他将一只登山鞋藏在一个地方，另一只藏在距离这一只较远的另一个地方。',3,5,0,0,NULL,NULL,NULL,0,NULL,NULL,NULL,NULL,NULL,NULL),(490,'如何分蛋糕','如果有一个圆形的蛋糕，让两个人分，为了公平起见，可以让-个人切成两份，然后另外一个人在两份中选择自己需要的那份。但是，如何能做到三个人分一块蛋糕而保持公平呢？','三个人公平分蛋糕的方法是这样的，让一个人持刀在蛋糕上缓缓地移动，刀移动过的部分是从零到最大量的，如果有一个人认为现在刀的位置切下的蛋糕已经有1/3了，那么他喊“切”，这时就切下这一块给他，剩下的两个人也可以用这个方法分下面的2/3的蛋糕。',3,5,0,0,NULL,NULL,NULL,0,NULL,NULL,NULL,NULL,NULL,NULL),(491,'火柴和硬币','找一个小号的广口瓶，将一根火柴棒折成V字形（不要完全折断，要使一部分纤维还连着）放在瓶口处，再取一枚比瓶口小一点的硬币放在v字形的火柴棒上。在不用手或者其他工具接触V字形火柴棒和硬币的情况下。你能想办法使硬币落到瓶子里去吗？','在火柴的弯曲处滴一滴水，过一会儿，木材的管状细胞接受了水分，通过分子的吸力，弯曲的火柴就会渐渐伸直，硬币就掉下去了。',3,5,0,0,NULL,NULL,NULL,0,NULL,NULL,NULL,NULL,NULL,NULL),(492,'炒豆子','用一个锅同时炒红豆和绿豆，炒熟后往外一倒，红豆和绿豆可自然分开，请问该怎么炒？','只炒一粒红豆和一粒绿豆。',3,5,0,0,NULL,NULL,NULL,0,NULL,NULL,NULL,NULL,NULL,NULL),(493,'鸡蛋下落','给你一个鸡蛋，让它自由下落。在地上没有任何铺垫物的情况下，你能够使鸡蛋下落1米而不破吗？','让鸡蛋从2米高的地方自由下落，当它下落到1米的时候自然是不会破的。',3,5,0,0,NULL,NULL,NULL,0,NULL,NULL,NULL,NULL,NULL,NULL),(494,'翻转杯子','桌子上放着3个杯子，它们的口都是朝下的，如果让你翻转杯子，但是每次只能翻转2个，那么，你可以把它们全翻转成口朝上吗？\\n如果现在杯子的数目变成了6个，但是3个口朝上，3个口朝下。同样，你每次只可以翻转2个杯子，那么，你可以把它们全翻转成口朝上吗？\\n现在杯子的数目变成了8个，这8个杯子都是口朝下的，这次让你每次只能翻转3个杯子，你最少需要几次可以把它们全翻转成口朝上呢？','前两种翻转杯子都是不能成功的。第三个题最少需要四次，如果把这8个杯子标号为1至8，翻转的步骤为：第一次翻转1、2、3，第二次翻转3、4、5，第三次翻转5、6、7，第四次翻转3、5、8。',3,5,0,0,NULL,NULL,NULL,0,NULL,NULL,NULL,NULL,NULL,NULL),(495,'几条活蚯蚓','约翰钓鱼时用蚯蚓当鱼饵，他共抓了5条蚯蚓，后来分鱼饵时把2条蚯蚓切成了2段，那么他还有几条活蚯蚓？','有7条活蚯蚓，因为被切成两段的蚯蚓仍然活着。',3,5,0,0,NULL,NULL,NULL,0,NULL,NULL,NULL,NULL,NULL,NULL),(496,'把鸡蛋拿回家','明明打完篮球后，穿着背心、短裤，抱着篮球回家。路上他突然想起妈妈让他买些鸡蛋回家，于是就买了十几个鸡蛋。可是，没有其他的工具，该怎么拿这些鸡蛋回家呢？','可以把篮球里的气放掉，把球的一面压瘪，使球呈一个碗形，这样就可以把鸡蛋放在里面拿回家了。',3,5,0,0,NULL,NULL,NULL,0,NULL,NULL,NULL,NULL,NULL,NULL),(497,'乒乓球','给你一个乒乓球，你把它扔出去，在不借助别的任何东西，也不能碰到别的东西反弹的情况下，你能让它经过一段距离后静止一会，然后向相反方向运动吗？','将乒乓球垂直向上扔时，球就会在尽头处停住，并转变方向，按相反的轨迹回来。',3,5,0,0,NULL,NULL,NULL,0,NULL,NULL,NULL,NULL,NULL,NULL),(498,'左手与右手','什么东西，你用左手可以握住它，而你的右手怎么也够不到？什么东西离你的右脚很近，但是你就是不能用左脚踩到它呢？','你不能用右手握住的是你的右手腕；你不能用左脚踩到的是你的左脚。',3,5,0,0,NULL,NULL,NULL,0,NULL,NULL,NULL,NULL,NULL,NULL),(499,'放圆珠笔','如果让你把一根很普通的圆珠笔放在地上，但让任何人都没有办法从上面跨过去，你会怎么做呢？','把圆珠笔放在墙角。',3,5,0,0,NULL,NULL,NULL,0,NULL,NULL,NULL,NULL,NULL,NULL),(500,'残酷的战役','有两个国家，它们的皇后各有两匹战马，它们之间因为一些原因进行了一场残酷的战争。最后，一个国家的两匹战马牺牲了，另一个国家的一匹战马牺牲了。在战争结束后，三匹死去的战马和一匹活着的战马并肩躺在了一起。这究竟是怎么回事呢？','这是一场国际象棋比赛。',3,5,0,0,NULL,NULL,NULL,0,NULL,NULL,NULL,NULL,NULL,NULL),(501,'偷牙刷','老兵甲偷用了新兵乙的牙刷，新兵乙有肝炎，为什么老兵甲并没有被传染？','他是用牙刷刷鞋。',1,6,0,0,NULL,NULL,NULL,0,NULL,NULL,NULL,NULL,NULL,NULL),(502,'包公的脸','包公的脸为什么是黑的？','他额头上有个月亮，说明是在晚上。',1,6,0,0,NULL,NULL,NULL,0,NULL,NULL,NULL,NULL,NULL,NULL),(503,'走失的轩轩','6岁的轩轩在商场和妈妈走散了，你猜他到服务台说了什么话，逗得大家哈哈大笑？','他说：“我妈妈迷路了，快帮我把她找出来。',1,6,0,0,NULL,NULL,NULL,0,NULL,NULL,NULL,NULL,NULL,NULL),(504,'路','有一种路四通八达，可就是不能走人，为什么？','因为是电路。',1,6,0,0,NULL,NULL,NULL,0,NULL,NULL,NULL,NULL,NULL,NULL),(505,'老王的胡子','老王每天都要刮很多遍脸，可脸上还是有胡子，为什么？','因为他是给别人刮脸。',1,6,0,0,NULL,NULL,NULL,0,NULL,NULL,NULL,NULL,NULL,NULL),(506,'不敢跳水','亮亮一名颇有名气的跳水运动员，可是有一天，他站在跳台上，却不敢往下跳，这是为什么？','因为下面没有水。',1,6,0,0,NULL,NULL,NULL,0,NULL,NULL,NULL,NULL,NULL,NULL),(507,'意想不到的受伤','一位卡车司机撞到了一位骑摩托车的人，骑摩托车的人毫发无损，而卡车司机却被撞伤了，请问为什么？','因为卡车司机是步行。',1,6,0,0,NULL,NULL,NULL,0,NULL,NULL,NULL,NULL,NULL,NULL),(508,'猎人和狼','一名猎人带着一把枪去打猎，枪的射程为100米，现在有一只狼距离猎人200米，狼和猎人都没有动，可猎人却开枪把狼打死了，为什么？','因为猎人系了一根100米长的绳子在枪的扳机上，而枪离狼100米。',1,6,0,0,NULL,NULL,NULL,0,NULL,NULL,NULL,NULL,NULL,NULL),(509,'问问题','小王问小刘五次问题，小刘回答了五个不同的答案，但每个答案都是对的，为什么？','因为小王问的是：现在几点了？',1,6,0,0,NULL,NULL,NULL,0,NULL,NULL,NULL,NULL,NULL,NULL),(510,'结婚照','为什么结婚的人要先拍结婚照？','因为“一拍即合”。',1,6,0,0,NULL,NULL,NULL,0,NULL,NULL,NULL,NULL,NULL,NULL),(511,'打破','什么东西，你一说出它的名字，它就被打破了？','沉默。',1,6,0,0,NULL,NULL,NULL,0,NULL,NULL,NULL,NULL,NULL,NULL),(512,'冠军的回答','记者问汽车大赛的冠军：“您每次比赛都是倒数第一，这次却一举夺魁，请问有什么诀窍？”冠军的回答让记者很失望，你猜他说了什么？','我的刹车坏了。',1,6,0,0,NULL,NULL,NULL,0,NULL,NULL,NULL,NULL,NULL,NULL),(513,'不能单买','什么书必须买两本？','结婚证书。',1,6,0,0,NULL,NULL,NULL,0,NULL,NULL,NULL,NULL,NULL,NULL),(514,'思考者','为什么罗丹的雕塑“思考者”是裸体的？','因为他正在思考穿什么衣服。',1,6,0,0,NULL,NULL,NULL,0,NULL,NULL,NULL,NULL,NULL,NULL),(515,'聪明的化妆师','一名逃犯进了一个化妆师家，逼着化妆师给他化妆，以便逃出这个城市。化妆很成功，连逃犯自己也不认识自己了，但逃犯一走到大街上就被捉住了，为什么？','因为化妆师是按照另外一个逃犯的样子给他化妆的。',1,6,0,0,NULL,NULL,NULL,0,NULL,NULL,NULL,NULL,NULL,NULL),(516,'他是谁','有一个人，他是你父母生的，但他却不是你的兄弟姐妹，他是谁？','是你自己。',1,6,0,0,NULL,NULL,NULL,0,NULL,NULL,NULL,NULL,NULL,NULL),(517,'天文学家的困惑','丁丁的爸爸是天文学家，可对有些星的知识却远不如丁丁知道的多，为什么？','明星。因为丁丁是追星族。',1,6,0,0,NULL,NULL,NULL,0,NULL,NULL,NULL,NULL,NULL,NULL),(518,'半个月','什么字半个月才能写完？','胖。',1,6,0,0,NULL,NULL,NULL,0,NULL,NULL,NULL,NULL,NULL,NULL),(519,'先升天的屠夫','一位高僧与屠夫同时去世，为什么屠夫比高僧先升天？','放下屠刀，立地成佛。',1,6,0,0,NULL,NULL,NULL,0,NULL,NULL,NULL,NULL,NULL,NULL),(520,'暑假和寒假','为什么暑假一定要比寒假长？','热胀冷缩。',1,6,0,0,NULL,NULL,NULL,0,NULL,NULL,NULL,NULL,NULL,NULL),(521,'区别','电和闪电最大的区别是什么？','一个收费，一个不收费。',1,6,0,0,NULL,NULL,NULL,0,NULL,NULL,NULL,NULL,NULL,NULL),(522,'不能做衣服的布','有一种布很长、很宽，也很好看，但是没有人用它来做衣服，也不可能做成衣服，这是什么布？','瀑布。',1,6,0,0,NULL,NULL,NULL,0,NULL,NULL,NULL,NULL,NULL,NULL),(523,'不能吃的饼','什么饼不能吃？','铁饼。',1,6,0,0,NULL,NULL,NULL,0,NULL,NULL,NULL,NULL,NULL,NULL),(524,'肥瘦','什么东西肥得快，瘦得更快？','气球。',1,6,0,0,NULL,NULL,NULL,0,NULL,NULL,NULL,NULL,NULL,NULL),(525,'省油的车','开什么车最省油？','开夜车。',1,6,0,0,NULL,NULL,NULL,0,NULL,NULL,NULL,NULL,NULL,NULL),(526,'最窄的路','什么路最窄？','冤家路窄。',1,6,0,0,NULL,NULL,NULL,0,NULL,NULL,NULL,NULL,NULL,NULL),(527,'不能吃的鱼','什么鱼不能吃？','木鱼。',1,6,0,0,NULL,NULL,NULL,0,NULL,NULL,NULL,NULL,NULL,NULL),(528,'不以为意','阿星悄悄对阿才说他裤子拉链忘了拉好，为什么阿才却不以为意？','因为忘拉拉链的是阿星。',1,6,0,0,NULL,NULL,NULL,0,NULL,NULL,NULL,NULL,NULL,NULL),(529,'用不完的水','什么水永远用不完？','泪水。',1,6,0,0,NULL,NULL,NULL,0,NULL,NULL,NULL,NULL,NULL,NULL),(530,'爱看别人的试卷','小明知道试卷的答案，为什么还频频看同学的？','因为小明是监考老师。',1,6,0,0,NULL,NULL,NULL,0,NULL,NULL,NULL,NULL,NULL,NULL),(531,'刁钻的问题','有一个问题，不论你问到任何人，答案都是“没有”，请问那是什么问题？','问题是“你睡着了没有”。',2,6,0,0,NULL,NULL,NULL,0,NULL,NULL,NULL,NULL,NULL,NULL),(532,'能进不能出','有个地方能进不能出，请问这是什么地方？','坟墓。',2,6,0,0,NULL,NULL,NULL,0,NULL,NULL,NULL,NULL,NULL,NULL),(533,'亮在暗处','什么亮在暗处看不见？','漂亮。',2,6,0,0,NULL,NULL,NULL,0,NULL,NULL,NULL,NULL,NULL,NULL),(534,'少了一顶帽子','两对父子每人买了一顶帽子，为什么总共只有三顶？','因为是一家三代人。',2,6,0,0,NULL,NULL,NULL,0,NULL,NULL,NULL,NULL,NULL,NULL),(535,'吞吞吐吐','金太太一向心直口快，什么事情让她吞吞吐吐了？','吃甘蔗。',2,6,0,0,NULL,NULL,NULL,0,NULL,NULL,NULL,NULL,NULL,NULL),(536,'抄袭的后果','考试时，小光全部都抄小明的，小明得了100分，为什么小光却得了0分？','因为小光连姓名都抄了小明的。',2,6,0,0,NULL,NULL,NULL,0,NULL,NULL,NULL,NULL,NULL,NULL),(537,'遍地金山','从前，遍地都是金的山是什么山？','旧金山。',2,6,0,0,NULL,NULL,NULL,0,NULL,NULL,NULL,NULL,NULL,NULL),(538,'耐穿的衣服','哪一件衣服最耐穿？','最不喜欢的那件。',2,6,0,0,NULL,NULL,NULL,0,NULL,NULL,NULL,NULL,NULL,NULL),(539,'赴汤蹈火','什么情况下，每个人都会主动发扬赴汤蹈火的精神？','吃火锅的时候。',2,6,0,0,NULL,NULL,NULL,0,NULL,NULL,NULL,NULL,NULL,NULL),(540,'出名的拳手','老张是出了名的拳手，为什么一戴上拳击手套反而让对手三下两下打下台去了？','他是划拳高手。',2,6,0,0,NULL,NULL,NULL,0,NULL,NULL,NULL,NULL,NULL,NULL),(541,'黄河的源头','黄河的源头在哪里？','天上。“黄河之水天上来”。',2,6,0,0,NULL,NULL,NULL,0,NULL,NULL,NULL,NULL,NULL,NULL),(542,'渡不过的河','什么样的河，人们永远也渡不过去？','银河。',2,6,0,0,NULL,NULL,NULL,0,NULL,NULL,NULL,NULL,NULL,NULL),(543,'马吃象','为什么老王家的马能吃掉老张家的象？','因为他们正在下象棋。',2,6,0,0,NULL,NULL,NULL,0,NULL,NULL,NULL,NULL,NULL,NULL),(544,'射星星','为什么冲天炮射不到星星？','因为星星会闪。',2,6,0,0,NULL,NULL,NULL,0,NULL,NULL,NULL,NULL,NULL,NULL),(545,'国家名字','选美大赛——猜一国家名','以色列。',2,6,0,0,NULL,NULL,NULL,0,NULL,NULL,NULL,NULL,NULL,NULL),(546,'每次死几分钟','什么东西可以死很多次，而且一般情况下每次死的时间只有几分钟？','电脑死机。',2,6,0,0,NULL,NULL,NULL,0,NULL,NULL,NULL,NULL,NULL,NULL),(547,'跳伞','有甲、乙、丙三人跳伞，甲、乙的伞包是好的，丙的是坏的，为什么后来反而丙没事，甲、乙都有事？','甲、乙为丙办丧事。',2,6,0,0,NULL,NULL,NULL,0,NULL,NULL,NULL,NULL,NULL,NULL),(548,'不能吃的瓜','什么瓜不能吃？','傻瓜。',2,6,0,0,NULL,NULL,NULL,0,NULL,NULL,NULL,NULL,NULL,NULL),(549,'烦恼的邻居','某富翁的左右邻居都养狗，一到晚上，这两条狗就叫个不停。无法忍受这种折磨的富翁给两家邻居各100万元搬家费，希望左右邻居搬走。的确，两个邻居是连狗一起搬家了，但是一到夜里，富翁还是听到完全相同的狗吠声，这是为什么？','因为两个邻居互相交换住屋。',2,6,0,0,NULL,NULL,NULL,0,NULL,NULL,NULL,NULL,NULL,NULL),(550,'上上下下','有个人不是官，却负责单位职工、干部上上下下的工作，这是为什么呢？','他是电梯工。',2,6,0,0,NULL,NULL,NULL,0,NULL,NULL,NULL,NULL,NULL,NULL),(551,'猫怕老鼠吗','一只凶猛的饿猫，看到老鼠，为何拔腿就跑？','拔腿就跑去追老鼠。',2,6,0,0,NULL,NULL,NULL,0,NULL,NULL,NULL,NULL,NULL,NULL),(552,'安全的钻戒','妻子对丈夫说：“糟糕，亲爱的，你送给我的钻石戒指落到绿茶里去了。”结果，戒指又平安地回到妻子的手上，而且一点也没有弄湿的痕迹，这难道是奇迹吗？','因为戒指是掉到绿茶的茶叶罐中。',2,6,0,0,NULL,NULL,NULL,0,NULL,NULL,NULL,NULL,NULL,NULL),(553,'加一笔的字','人字加一笔除了“大”和“个”，还能写出什么字？','及。',2,6,0,0,NULL,NULL,NULL,0,NULL,NULL,NULL,NULL,NULL,NULL),(554,'不去的国家','如果有机会让你移民，你一定不会去哪个国家？','天国。',2,6,0,0,NULL,NULL,NULL,0,NULL,NULL,NULL,NULL,NULL,NULL),(555,'与头有关','拥有很多牙齿，经常咬住人的头发的东西是什么？','梳子。',2,6,0,0,NULL,NULL,NULL,0,NULL,NULL,NULL,NULL,NULL,NULL),(556,'不会假的东西','报纸上常常会出现假新闻，但有一样绝对不会是假的。这是什么？','报纸上的年、月、日。',2,6,0,0,NULL,NULL,NULL,0,NULL,NULL,NULL,NULL,NULL,NULL),(557,'没飞走的鸟','森林中有十只鸟，小明开枪打死了一只，其他九只都没有飞走，为什么？','因为它们是鸵鸟。',2,6,0,0,NULL,NULL,NULL,0,NULL,NULL,NULL,NULL,NULL,NULL),(558,'特异功能','小明家住在五楼，可是电梯坏了，他自己也没有走楼梯，却回到了五楼的家里，这可能吗？','因为小明太小，是妈妈抱着他上楼的。',2,6,0,0,NULL,NULL,NULL,0,NULL,NULL,NULL,NULL,NULL,NULL),(559,'多变的水果','有一种水果，吃之前是绿色的，吃的时候是红色的，吃完吐出来的是黑色的。请问这是什么？','西瓜。',2,6,0,0,NULL,NULL,NULL,0,NULL,NULL,NULL,NULL,NULL,NULL),(560,'什么关系','两个人汗流浃背地抬着一块木头向前走，一人问前面的人：“后面的那个是你儿子吧？”“是的。”另一人问后面的人：“前面那个是你爸爸吧？”“不是”\\n请问：这两个人究竟是什么关系？','母子关系。',2,6,0,0,NULL,NULL,NULL,0,NULL,NULL,NULL,NULL,NULL,NULL),(561,'不是双胞胎','小明的班级新转进两名同学，这两个人相貌几乎相同，出生日期相同，连父母亲的名字都相同。但当别人问他们是不是双胞胎的时候，他们却异口同声地说：“不是！”你知道他们是什么关系吗？','他们可能是三胞胎或更多胞胎中的两个。',3,6,0,0,NULL,NULL,NULL,0,NULL,NULL,NULL,NULL,NULL,NULL),(562,'竞选班长','一个班级有49人，要选出一名班长，两名副班长。每个人只能投一票，不许弃权，可以投给自己，得票最多的前三名当选。现在有7位候选人，请问最少需要获得几票才能确保当选？','按照最少的候选人数投票，也就是说假设这49票都投给了未当选的4个人，那么第三名一定要得到比平均数多的票才能当选，而平均数是49/4=12.5，所以至少要得到13票，才能确保当选。',3,6,0,0,NULL,NULL,NULL,0,NULL,NULL,NULL,NULL,NULL,NULL),(563,'太阳的出现','假设半夜12点的时候下大雨，那么再过72个小时后是否会出现太阳？','不会。因为72小时后还是半夜12点，不管是晴天还是雨天，都不会出现太阳。',3,6,0,0,NULL,NULL,NULL,0,NULL,NULL,NULL,NULL,NULL,NULL),(564,'手推车','在什么情况下，手推车前面有人推，后面有人拉，但还是会向前进？','下坡的时候。',3,6,0,0,NULL,NULL,NULL,0,NULL,NULL,NULL,NULL,NULL,NULL),(565,'门太大了','有个人买了一扇门安在门框上。但这扇门板太大了，所以他切下一块。结果他发现太小了，他又动手切下另一块，这一次，门完美地安装在门框上。为什么？（他只有切割门板，并没有切割门框。）','他切下的那块太小，所以又切下一块。',3,6,0,0,NULL,NULL,NULL,0,NULL,NULL,NULL,NULL,NULL,NULL),(566,'遗失的我','一名男子在银行外的自动提款机上取了200元，他小心翼翼地把钱放进裤子的后口袋。当天花了30元。第二天，当他伸手摸索裤子的后口袋时，发现只有5元。没有人抢劫他，钱也没有丢，发生了什么事？','这个人穿的是不同的裤子，那件裤子的口袋里他碰巧只留了5元。',3,6,0,0,NULL,NULL,NULL,0,NULL,NULL,NULL,NULL,NULL,NULL),(567,'驾车','一对男女沿着他们家到马路之间的车道开车，这名男子坐在驾驶座上，当他们开到马路上时，就下车换位置，由女子将车子掉头后，他们再度换位置，然后男子沿着车道开回家去，如此重复。为什么？','这位男子在学驾车，他还没有拿到驾照，不能在道路上开车，但可以在私人车道上练习。这名女子有驾照，因此可以在马路上驾车，她将车头调转，让男子沿着车道继续练习。',3,6,0,0,NULL,NULL,NULL,0,NULL,NULL,NULL,NULL,NULL,NULL),(568,'漫画家','为什么美国空军雇用一流的漫画家来执行勤务？','他画的漫画里隐藏着小目标。这些图画用来测验新兵从伪装的背景中察觉目标的能力。',3,6,0,0,NULL,NULL,NULL,0,NULL,NULL,NULL,NULL,NULL,NULL),(569,'吸尘器','一名挨家挨户拜访客户的业务员，到一户人家去展示一台很棒的新型吸尘器。为了实地示范，他将一小袋煤灰全部洒在地毯上。但吸尘器却无法清除地毯上的煤灰。这台吸尘器是没有问题的，为什么会发生这样的情况？','因为没电了。',3,6,0,0,NULL,NULL,NULL,0,NULL,NULL,NULL,NULL,NULL,NULL),(570,'带走了什么','一名女秘书去度假，她不慎带走了公司的某样物品。她的上司通知她马上归还这件东西，她办好了。然而，当她度假回来却仍被开除，为什么？','因为她带走的是公司办公室信箱的唯一一把钥匙。她把钥匙寄回来，又被寄到被锁起来的信箱里。',3,6,0,0,NULL,NULL,NULL,0,NULL,NULL,NULL,NULL,NULL,NULL),(571,'百万富翁','某人在办公室工作到很晚，留下一些三明治在桌上，结果，他后来成为一位大富豪。这是怎么办到的？','他是迪斯尼先生。一只老鼠来咬三明治，而且动作滑稽，所以他每晚留给它一些食物。这只老鼠引发他设计“米老鼠”的灵感，迪斯尼王国由此创立。',3,6,0,0,NULL,NULL,NULL,0,NULL,NULL,NULL,NULL,NULL,NULL),(572,'杯子的把手','杯子的把手放在杯子的哪一侧最好？','外侧。',3,6,0,0,NULL,NULL,NULL,0,NULL,NULL,NULL,NULL,NULL,NULL),(573,'最大的马铃薯','世界上最大的马铃薯长在哪里？','长在土里。',3,6,0,0,NULL,NULL,NULL,0,NULL,NULL,NULL,NULL,NULL,NULL),(574,'关于《圣经》','《圣经》里最先出现的是什么？','第一章。',3,6,0,0,NULL,NULL,NULL,0,NULL,NULL,NULL,NULL,NULL,NULL),(575,'一只脚的动物','什么动物只有一只脚？','只有一条腿的动物。',3,6,0,0,NULL,NULL,NULL,0,NULL,NULL,NULL,NULL,NULL,NULL),(576,'谁袭击谁','你宁愿老虎袭击你，还是狮子？','宁愿老虎袭击狮子。',3,6,0,0,NULL,NULL,NULL,0,NULL,NULL,NULL,NULL,NULL,NULL),(577,'留下的礼物','什么是世界上第一个人亚当从未拥有、从未见过，但他却留给自己的孩子的？','父母。',3,6,0,0,NULL,NULL,NULL,0,NULL,NULL,NULL,NULL,NULL,NULL),(578,'躺着工作','可以天天躺在枕头上工作一辈子的是什么？','铁轨，躺在木枕上工作。',3,6,0,0,NULL,NULL,NULL,0,NULL,NULL,NULL,NULL,NULL,NULL),(579,'你拥有什么','如果你一只手上有3个苹果和4个橘子，另一只手上有4个苹果和3个橘子，你拥有什么？','拥有一双大手。',3,6,0,0,NULL,NULL,NULL,0,NULL,NULL,NULL,NULL,NULL,NULL),(580,'单手举大象','若是有人要你单手举起大象，该怎么办？','先让他找到能站在手掌心的大象。',3,6,0,0,NULL,NULL,NULL,0,NULL,NULL,NULL,NULL,NULL,NULL),(581,'得到什么','如果你总是攀在苹果树上你可以得到什么？','酸痛的手臂。',3,6,0,0,NULL,NULL,NULL,0,NULL,NULL,NULL,NULL,NULL,NULL),(582,'不睡觉的人','一个人怎么能连走八日路都不睡觉？','他白天没有睡，但夜里都睡。',3,6,0,0,NULL,NULL,NULL,0,NULL,NULL,NULL,NULL,NULL,NULL),(583,'关不上的门','什么门永远关不上？','球门。',3,6,0,0,NULL,NULL,NULL,0,NULL,NULL,NULL,NULL,NULL,NULL),(584,'不转的轮胎','汽车在右转弯时，哪一条轮胎不转？','备用轮胎。',3,6,0,0,NULL,NULL,NULL,0,NULL,NULL,NULL,NULL,NULL,NULL),(585,'买不到的书','什么书你不可能在书店里买到？','秘书。',3,6,0,0,NULL,NULL,NULL,0,NULL,NULL,NULL,NULL,NULL,NULL),(586,'如何过去','某人被老虎穷追不舍，突然前边有条大河，他不会游泳，河里也没有船，但他过去了，为什么？','他昏过去了。',3,6,0,0,NULL,NULL,NULL,0,NULL,NULL,NULL,NULL,NULL,NULL),(587,'修理','6岁的小明总是喜欢把家里的闹钟弄坏，妈妈为什么总是让不会修理闹钟的爸爸修理？','因为妈妈让爸爸修理小明。',3,6,0,0,NULL,NULL,NULL,0,NULL,NULL,NULL,NULL,NULL,NULL),(588,'输了有奖','哪种比赛，赢了没有奖品，输了却有奖品？','划拳喝酒。',3,6,0,0,NULL,NULL,NULL,0,NULL,NULL,NULL,NULL,NULL,NULL),(589,'数字的性格','哪个数字最懒？哪个数字最勤劳？','一最懒，二最勤劳。因为一不做，二不休。',3,6,0,0,NULL,NULL,NULL,0,NULL,NULL,NULL,NULL,NULL,NULL),(590,'忙碌的人','什么人的工作整天忙得团团转？','芭蕾舞演员。',3,6,0,0,NULL,NULL,NULL,0,NULL,NULL,NULL,NULL,NULL,NULL),(591,'看不到摸得到','什么东西看不到却可以摸到，万一摸不到会把人吓到','脉搏。',3,6,0,0,NULL,NULL,NULL,0,NULL,NULL,NULL,NULL,NULL,NULL),(592,'不批发','哪个欧洲国家的生意不批发？','丹麦（单卖）。',3,6,0,0,NULL,NULL,NULL,0,NULL,NULL,NULL,NULL,NULL,NULL),(593,'奋笔疾书','期末考试开始了，小明一道题都不会做，但在离考试结束前几分钟，他却开始奋笔疾书，为什么？','他在写班级、考号、姓名。',3,6,0,0,NULL,NULL,NULL,0,NULL,NULL,NULL,NULL,NULL,NULL),(594,'年年有“鱼”','小王在家里贴了一副“年年有鱼”的画，也做到了“年年有鱼”，可为什么还是没存下钱来？','因为他年年都被炒鱿鱼。',3,6,0,0,NULL,NULL,NULL,0,NULL,NULL,NULL,NULL,NULL,NULL),(595,'最先开什么','一个人饿得厉害，而冰箱里有猪肉、鱼肉、鸡肉等罐头，他最先打开什么？','先开冰箱。',3,6,0,0,NULL,NULL,NULL,0,NULL,NULL,NULL,NULL,NULL,NULL),(596,'前进的车','小明在出租车上睡着了，一觉醒来，发现车里只有他一个人，而车还在前进。他掐了一下自己，自己的确是清醒的，这是怎么回事呢？','车子抛锚了，司机在后面推车。',3,6,0,0,NULL,NULL,NULL,0,NULL,NULL,NULL,NULL,NULL,NULL),(597,'不生跳蚤的狗','老王养了一只狗，并且从来不帮狗洗澡，为什么狗不会生跳蚤呢？','因为狗只能生小狗，不能生跳蚤。',3,6,0,0,NULL,NULL,NULL,0,NULL,NULL,NULL,NULL,NULL,NULL),(598,'不爱吃的东西','什么东西人们都不喜欢吃？','人们都不喜欢吃亏。',3,6,0,0,NULL,NULL,NULL,0,NULL,NULL,NULL,NULL,NULL,NULL),(599,'什么官','什么样的官不能发号施令，还得老向别人微笑','新郎官。',3,6,0,0,NULL,NULL,NULL,0,NULL,NULL,NULL,NULL,NULL,NULL),(600,'山和海','什么样的山和海可以移动？','人山人海。',3,6,0,0,NULL,NULL,NULL,0,NULL,NULL,NULL,NULL,NULL,NULL);
/*!40000 ALTER TABLE `problem` ENABLE KEYS */;
UNLOCK TABLES;

--
-- Table structure for table `progress_record`
--

DROP TABLE IF EXISTS `progress_record`;
/*!40101 SET @saved_cs_client     = @@character_set_client */;
/*!40101 SET character_set_client = utf8 */;
CREATE TABLE `progress_record` (
  `id` int(11) NOT NULL AUTO_INCREMENT,
  `userid` int(11) DEFAULT NULL,
  `problemid` int(11) DEFAULT NULL,
  PRIMARY KEY (`id`),
  UNIQUE KEY `userid_UNIQUE` (`userid`),
  KEY `user_id_idx` (`userid`),
  KEY `hardness_idx` (`problemid`),
  CONSTRAINT `problemid` FOREIGN KEY (`problemid`) REFERENCES `problem` (`idproblem`) ON DELETE NO ACTION ON UPDATE NO ACTION,
  CONSTRAINT `user_id` FOREIGN KEY (`userid`) REFERENCES `user` (`iduser`) ON DELETE NO ACTION ON UPDATE NO ACTION
) ENGINE=InnoDB AUTO_INCREMENT=336 DEFAULT CHARSET=utf8;
/*!40101 SET character_set_client = @saved_cs_client */;

--
-- Dumping data for table `progress_record`
--

LOCK TABLES `progress_record` WRITE;
/*!40000 ALTER TABLE `progress_record` DISABLE KEYS */;
INSERT INTO `progress_record` VALUES (3,3,5),(5,7,8),(60,64,10),(335,4,16);
/*!40000 ALTER TABLE `progress_record` ENABLE KEYS */;
UNLOCK TABLES;

--
-- Table structure for table `user`
--

DROP TABLE IF EXISTS `user`;
/*!40101 SET @saved_cs_client     = @@character_set_client */;
/*!40101 SET character_set_client = utf8 */;
CREATE TABLE `user` (
  `iduser` int(11) NOT NULL AUTO_INCREMENT,
  `username` varchar(45) DEFAULT NULL,
  `password` varchar(45) DEFAULT NULL,
  `rolename` varchar(10) NOT NULL DEFAULT 'USER',
  `enabled` tinyint(1) DEFAULT '1',
  PRIMARY KEY (`iduser`),
  UNIQUE KEY `username_UNIQUE` (`username`)
) ENGINE=InnoDB AUTO_INCREMENT=66 DEFAULT CHARSET=utf8;
/*!40101 SET character_set_client = @saved_cs_client */;

--
-- Dumping data for table `user`
--

LOCK TABLES `user` WRITE;
/*!40000 ALTER TABLE `user` DISABLE KEYS */;
INSERT INTO `user` VALUES (1,'kurt','123','USER',0),(2,'a','a','USER',1),(3,'b','b','ADMIN',1),(4,'c','c','USER',1),(5,'d','d','USER',1),(7,'e','e','USER',1),(8,'f','f','USER',1),(11,'tina','tina','USER',1),(12,'g','g','USER',1),(13,'admin','701','ADMIN',1),(26,'200901102','200901102','USER',1),(60,'123','123456','USER',1),(61,'211','123456','USER',1),(62,'222','222222','USER',1),(63,'333','333333','USER',1),(64,'789','123456','USER',1),(65,'1','111111','USER',1);
/*!40000 ALTER TABLE `user` ENABLE KEYS */;
UNLOCK TABLES;
/*!40103 SET TIME_ZONE=@OLD_TIME_ZONE */;

/*!40101 SET SQL_MODE=@OLD_SQL_MODE */;
/*!40014 SET FOREIGN_KEY_CHECKS=@OLD_FOREIGN_KEY_CHECKS */;
/*!40014 SET UNIQUE_CHECKS=@OLD_UNIQUE_CHECKS */;
/*!40101 SET CHARACTER_SET_CLIENT=@OLD_CHARACTER_SET_CLIENT */;
/*!40101 SET CHARACTER_SET_RESULTS=@OLD_CHARACTER_SET_RESULTS */;
/*!40101 SET COLLATION_CONNECTION=@OLD_COLLATION_CONNECTION */;
/*!40111 SET SQL_NOTES=@OLD_SQL_NOTES */;

-- Dump completed on 2014-04-03 21:25:51
